Year,Region,NAME,Home Value <$50k (%),"Home Value $50k-$99,999k (%)","Home Value $100k-$149,999k (%)","Home Value $150k-$199,999k (%)","Home Value $200k-$299,999k (%)","Home Value $100k-$299,999 (%)","Home Value $300k-$499,999k (%)",Home Value $500k+ (%),"Home Value $500k-$749,999k (%)","Home Value $750k-$999,999k (%)","Home Value $1,000,000+ (%)",Median Home Value ($)(1000X),Median Housing Cost (monthly) ($),Income <$10k (%),"Income $10k-$24,999 (%)","Income $25k-$34,999 (%)","Income $35k-$49,999 (%)","Income $50k-$74,999 (%)","Income $75k-$99,999 (%)","Income $100k-$149,999 (%)",Income $150k+ (%),Median Income ($)(1000X),Median Real Estate Taxes ($),No 2nd or Equity Loan (%),2nd Mortgage or Equity Loan (%),Equity Loan Only (%),2nd Mortgage Only (%),Both 2nd & Equity Loan (%),Population,Net Population Change,Net Migration,Net Migration Change
2010,3,Alabama,9.1,23.6,20.3,17.8,16.8,61.7,8.7,3.7,,,,142.7,1130,3.9,10.4,8.7,15.5,21.7,15.6,15.6,8.7,61.964,568,82.3,17.2,12.3,4.9,0.6,4785437,5312,2168,
2010,4,Alaska,2,2.9,9.6,15.6,35.2,28.1,26.5,8.1,,,,255.7,1772,1.2,4,5.1,8.4,17.8,17,27.3,19.1,94.747,3177,84.4,14.9,10.4,4.5,0.7,713910,3661,1598,
2010,4,Arizona,4,13.4,20.5,19.5,21.4,53.4,14.4,6.8,,,,177,1442,2.8,8.8,8.2,14.1,22.6,16.2,17.2,10.2,66.539,1489,77.4,21.8,16,5.8,0.8,6407172,14884,5672,
2010,3,Arkansas,12,27,23.9,16.2,12.2,67.1,6.4,2.1,,,,122.6,987,2.8,10.9,10.6,16.8,22.8,15.1,14.1,7.1,59.393,703,89.3,10.5,6.4,4.1,0.2,2921964,5933,3270,
2010,4,California,1.5,3.4,6,8.6,17.4,18,29.1,34,,,,377.7,2242,2.1,5.9,5.2,10,17.7,15.9,22.1,21.2,88.444,3284,72.2,26.3,18.6,7.6,1.6,37319502,64983,-721,
2010,4,Colorado,2.5,4,11.3,17.3,29.3,32.6,24,11.6,,,,243.3,1590,2.4,6.6,6.4,11.8,20.1,17.5,20.8,14.3,78.267,1508,73.1,26,16,10,0.9,5047349,18030,8433,
2010,1,Connecticut,1,1.5,5.7,13,30.3,20.2,30.4,18,,,,294.5,2068,1.6,4,4.3,8.5,17.7,17.4,23.7,22.8,94.298,4987,71.8,27.7,21.6,6,0.5,3579114,4967,2572,
2010,3,Delaware,3.1,2.6,7.4,17.7,33.8,27.7,28,7.4,,,,249,1569,2.5,6.2,6.1,12.1,21.3,17.4,21.3,12.9,77.716,1302,76.5,22.5,17.7,4.9,1,899593,1656,638,
2010,3,District of Columbia,1.2,1.1,1.9,3.1,16,6.1,35.2,41.5,,,,439.4,2297,3.7,4.4,3.8,7,13.5,12,19.2,36.5,112.294,2640,74.2,24.3,18.3,6,1.4,605226,3459,2169,
2010,3,Florida,4.4,15.7,19.5,19.5,20.9,54.7,13.5,6.5,,,,172.1,1505,3.7,10.5,9.1,15.1,21.5,15.2,15.4,9.5,62.096,1979,76.4,22.6,17.1,5.5,1,18845537,40973,32460,
2010,3,Georgia,5.2,14.4,22.9,20.5,18.8,57.8,12.7,5.4,,,,164.9,1390,3.1,9.1,8.3,13.2,22.2,15.3,17.1,11.8,67.424,1654,78.9,20.2,13.4,6.8,0.9,9711881,23152,7100,
2010,4,Hawaii,0.5,1.2,1.5,3.9,12,6.6,29,51.9,,,,516.1,2240,1.8,4.9,4.4,9,19.4,16.9,26,17.6,88.857,1400,73.3,24.9,18.8,6.2,1.8,1363963,3656,1627,
2010,4,Idaho,4.2,10.3,23.9,23,22.2,57.2,11.7,4.7,,,,171,1187,2.5,9.2,10.3,15.7,26.6,16.8,12.1,6.7,60.953,1280,78.1,21.3,14.9,6.4,0.6,1570746,3089,-264,
2010,2,Illinois,4,12.3,14.9,17.8,23.6,45,18.9,8.6,,,,203.9,1655,1.9,6.5,6.6,12,21.1,17.7,19.9,14.3,77.134,4061,76.6,22.7,17.6,5.1,0.7,12840503,8931,-8461,
2010,2,Indiana,6.1,26.3,26.9,17.9,13.9,71.1,6.7,2.2,,,,130.7,1090,2.1,8.7,9.2,15.8,24.3,17.4,15.3,7.1,63.3,1123,79.1,20.3,15,5.3,0.6,6490432,6381,-664,
2010,2,Iowa,7.3,24.9,26.2,16.8,15.9,67.9,6.7,2.1,,,,133.3,1140,1.7,7.4,7.8,14.7,25.1,19.2,16.8,7.3,67.976,1769,80,19.2,13.5,5.7,0.8,3050745,3874,903,
2010,2,Kansas,8.8,23.3,20.8,19.8,16.7,63.9,8.1,2.6,,,,143.1,1239,1.9,6.6,7.5,13.9,24.1,18.3,18.2,9.4,70.693,1875,82.7,16.7,11.3,5.4,0.5,2858190,5067,1138,
2010,3,Kentucky,9,23.2,24.6,17.8,15.7,65.6,7.3,2.6,,,,136.1,1072,3.3,10.5,9.7,15.1,23.2,16.5,14.8,7,61.497,1104,79,20.2,15.4,4.8,0.9,4348181,8848,5551,
2010,3,Louisiana,8.4,17.5,20.2,21.1,19.8,58.8,9.9,3.2,,,,157.7,1163,2.6,9.8,7.8,14,20.7,17.4,17.6,10.1,68.145,784,86,13.4,9.2,4.2,0.7,4544532,11045,5308,
2010,1,Maine,3.7,12.3,16.5,22.1,26.7,50.9,14.1,4.7,,,,188.5,1289,2.3,7.9,8.7,14.7,25.2,17.9,15.9,7.4,65.808,2211,77.6,21.6,18.3,3.3,0.8,1327629,-729,-1015,
2010,3,Maryland,1.5,2.5,5,10.2,28.4,17.7,33.2,19.2,,,,311,2016,1.4,4.1,4.1,7.7,17.5,16.1,25.1,23.9,98.145,3079,72.8,26,19.7,6.3,1.2,5788645,14851,7396,
2010,1,Massachusetts,1.1,1.2,3.8,8.7,25.7,13.7,39,20.5,,,,337.7,2036,1.8,4.3,4,8.3,17.8,17.1,24.9,21.8,94.695,3624,71.3,27.8,22.4,5.4,0.9,6566307,18522,12435,
2010,2,Michigan,9.8,24.6,22.9,18.1,14.9,65.6,7.4,2.3,,,,132,1288,2.7,9.3,8.2,15.2,23.5,16.7,15.9,8.6,64.74,2410,74.6,24.5,19.3,5.2,0.9,9877510,-6606,-14053,
2010,2,Minnesota,3.3,7.5,15.5,22.7,28.4,45.7,16.7,5.9,,,,202.9,1503,1.4,5.5,6.4,12.3,22.5,19.4,20.1,12.4,77.042,2256,71.6,27.4,20.1,7.2,1,5310828,6901,-1100,
2010,3,Mississippi,14.1,27.4,21,16.3,13.3,64.7,6.2,1.7,,,,118.7,1043,3.8,14.1,10.1,15.5,22,15.5,12.9,6,56.878,846,87.7,11.6,7.5,4.1,0.7,2970548,2418,-478,
2010,2,Missouri,6.8,19.9,23.6,19.6,17.9,63.1,8.8,3.4,,,,149.4,1182,2.2,9.3,8.4,14.7,23.4,17,16.6,8.5,65.911,1418,82.2,17.2,12.1,5.1,0.6,5995974,7024,1369,
2010,4,Montana,5.5,10.1,13.6,22,25.7,45.7,17.1,6,,,,196.8,1217,2.6,10.6,7.9,15.2,24.8,17.9,14.7,6.3,62.191,1656,84.8,14.6,10.7,3.9,0.6,990697,1290,653,
2010,2,Nebraska,7,21.4,30.5,17.8,15.5,69.7,5.9,1.9,,,,136,1218,1.6,6.1,8,12.7,25,19.9,18.6,8.1,71.102,2482,81.5,17.7,12,5.6,0.9,1829542,3237,403,
2010,4,Nevada,3.7,12.6,19.7,20.8,23.6,53.1,14.3,5.3,,,,179.1,1638,2.6,7.2,7.5,12.3,23,17.2,19.3,10.9,71.865,1783,77.1,21.7,13.7,8,1.2,2702405,1728,-2144,
2010,1,New Hampshire,1.8,4,9,15,38.8,28,25,6.4,,,,247.6,1853,1.4,4.3,4.8,10.5,21.1,19.1,23.2,15.7,84.346,4807,72.7,26.5,21.1,5.4,0.8,1316762,300,-354,
2010,1,New Jersey,0.9,1.9,3.9,8.3,23.8,14.1,38.7,22.5,,,,346.8,2370,1.4,4.5,4.2,7.5,16.2,16.1,24.6,25.4,99.984,6963,74.5,24.6,20.5,4.1,0.9,8799446,7468,-1746,
2010,4,New Mexico,6.8,12.5,18.3,20.9,22.7,51.7,12.5,6.2,,,,174.3,1202,2.9,11,9.2,15.2,21.4,15.6,16.1,8.7,62.597,1243,85.9,13.4,8.3,5.1,0.7,2064552,5353,2456,
2010,1,New York,2.9,10.8,10.9,9.4,13.8,31.1,27.3,24.9,,,,315.1,1963,1.7,5.2,5.3,10,18.9,16.5,22.3,20.2,87.812,4399,77.3,21.9,18.5,3.4,0.8,19399878,21734,-3777,
2010,3,North Carolina,4.7,15.8,22.2,19.2,19.6,57.2,12.7,5.9,,,,165.8,1250,2.6,9,9,14.9,23.1,16.5,15.3,9.5,64.837,1382,76.9,22.3,17.5,4.8,0.8,9574323,38572,25284,
2010,2,North Dakota,10.4,18.9,24.5,21.5,18,64.9,5.2,1.4,,,,142.8,1133,0.9,4.7,7.5,12.4,25.9,21.3,20,7.3,73.191,2025,82.6,16.6,12.8,3.8,0.7,674715,2139,1253,
2010,2,Ohio,5.2,22.9,26,19.2,16.7,68.1,7.8,2.2,,,,141.7,1246,2.2,8.3,8.3,14.5,24.1,17.4,16.6,8.6,66.594,2121,73.8,25.3,19.5,5.8,0.9,11539336,2585,-5311,
2010,3,Oklahoma,9.9,26.9,26.2,16.3,12.9,69.4,5.8,2,,,,123.6,1089,2.2,10.1,8.6,15.6,24.5,16.4,15.1,7.5,62.732,1090,87.5,11.9,6.5,5.5,0.6,3759944,8362,2760,
2010,4,Oregon,2.7,3.1,8.8,16.5,32.5,28.4,25.9,10.5,,,,253.3,1577,2.4,7.1,7.5,14,23.2,17.5,18.2,10.1,70.418,2509,75,24.1,16.5,7.6,0.9,3837491,6412,2560,
2010,1,Pennsylvania,5,15.7,17.2,17.3,22.7,50.2,16.1,6,,,,182.1,1390,2.2,6.9,7.3,12.6,22.5,17.8,18.7,12,72.891,2595,75.2,23.9,19.4,4.6,0.9,12711160,8292,3742,
2010,1,Rhode Island,1.6,1.4,6,18.2,36.4,25.6,26.6,9.9,,,,258.1,1837,1.7,4.8,6.2,11,22.2,18.7,20.5,14.9,79.813,3815,71,27.7,22.7,5.1,1.3,1053959,995,493,
2010,3,South Carolina,7.8,18.4,22.3,17.8,17.1,58.5,10.7,5.9,,,,153.4,1177,2.8,10.3,8.9,14.9,23.3,16.4,15.3,8,62.767,867,80.3,19,14.5,4.5,0.7,4635649,10283,5650,
2010,2,South Dakota,9.4,17.4,24.9,20.7,16.3,63,8.8,2.6,,,,146.8,1151,1.5,5.2,10.2,12.7,27.8,20,15.9,6.6,68.243,1927,82.8,16.8,12,4.8,0.4,816166,1968,856,
2010,3,Tennessee,6,20.3,25.1,17.9,16.2,63.3,10.3,4.1,,,,147,1161,2.9,10,9.6,15.8,23.6,15.5,14.3,8.4,61.581,1080,81.2,18.1,12.4,5.7,0.6,6355311,9035,3830,
2010,3,Texas,5.9,21.4,25.2,18.6,15.8,65.2,9.2,3.9,,,,144.7,1402,2.2,7.6,7.1,12.2,21,16.7,19.4,13.9,74.935,2997,89.7,9.9,5.4,4.5,0.4,25241971,95880,42957,
2010,4,Utah,2.3,3,13.3,23.1,33.1,39.4,18.9,6.3,,,,220.9,1433,1.7,6,6,13.8,25.9,19.1,19.2,8.4,71.038,1426,77.1,22.2,14.1,8.1,0.7,2775332,11441,1418,
2010,1,Vermont,2.9,5.7,12,22,30.6,39.7,19.5,7.3,,,,222.9,1445,2.1,7.4,7.5,13.9,25.6,17.7,16.6,9.2,68.698,3588,75.3,24.1,20.5,3.6,0.6,625879,142,-125,
2010,3,Virginia,2.6,5.2,9.7,14.1,24.8,29,26.1,17.4,,,,271.5,1728,1.9,5.3,5.7,10.3,18.4,16,21.7,20.8,87.012,2158,73.3,25.8,19.2,6.6,0.9,8023699,22650,11264,
2010,4,Washington,1.9,2.7,7.7,13.7,29.6,24.1,29.3,15.1,,,,280,1736,1.9,5.4,5.7,11.1,21.6,18.5,21.6,14.2,80.24,2737,75.6,23.3,16.6,6.7,1.2,6742830,18290,8181,
2010,3,West Virginia,12.4,30.4,20.3,15.8,14.1,66.5,5.8,1.3,,,,116,918,2.8,11.5,10.2,15.9,23.4,17.3,14,5.1,59.593,648,85.1,14.5,11,3.6,0.3,1854239,1221,1404,
2010,2,Wisconsin,2.8,12.6,21.4,22.4,24.5,56.4,12.4,3.8,,,,175.6,1404,1.8,6.7,7.5,13.2,24.5,19.5,18.3,8.5,71.063,3244,73.7,25.3,19,6.3,1,5690475,3190,-2286,
2010,4,Wyoming,5.4,7.5,17.6,23,27.2,48.1,13.1,6.2,,,,191.6,1300,1.8,6.3,5.8,11.6,25.1,18.1,22,9.4,74.26,1189,83.4,16.2,7.1,9.1,0.4,564487,712,-56,
2010,X,Puerto Rico,1.3,22.7,31.6,21.2,14.1,75.5,6.5,2.6,,,,140.1,851,8.1,24.1,14.2,19.4,18.3,6.8,6,3,37.217,773,95.5,4.1,1,3.1,0.4,3721525,-4632,-7097,
2011,3,Alabama,8.7,22.4,22.2,18.5,16.2,63.1,8.7,3.4,,,,142.2,1134,3.2,10.5,8.6,14.1,21.7,16.9,16.4,8.7,65.045,585,84.2,15.2,11.3,3.9,0.6,4799069,13632,2772,0.578433568
2011,4,Alaska,2,2.9,6.2,17.6,36.3,26.7,27.7,7.3,,,,255,1794,0.6,3.7,3,8.6,17.9,19.7,26.3,20.2,94.966,3074,87.4,12,8.6,3.4,0.6,722128,8218,422,0.58772818
2011,4,Arizona,5.2,18,21.7,18,18.1,57.7,13.2,5.9,,,,161.1,1365,3.3,9.4,8.2,14.2,21.1,15.5,17.4,10.9,66.79,1434,80.3,19,14.2,4.9,0.7,6472643,65471,27551,4.278167039
2011,3,Arkansas,11,29.6,22,16,12.5,67.6,6.7,2.1,,,,120.7,988,3.5,11,9.1,16.1,22.6,15.2,15.2,7.4,60.34,732,91.1,8.5,5.3,3.2,0.4,2940667,18703,9658,3.294766462
2011,4,California,1.6,3.8,7,9,17.9,19.8,28.5,32.2,,,,363.6,2182,2.3,6,5.3,9.8,17.3,15.3,21.6,22.3,89.279,3291,75.6,23,16.6,6.3,1.4,37638369,318867,47853,1.276797203
2011,4,Colorado,2.3,4.7,11.7,18.4,29.2,34.8,22.8,10.9,,,,238.8,1560,2.5,5.9,5.9,11.6,20.4,16.6,21.3,15.9,80.076,1530,75.9,23.2,14.3,8.9,0.9,5121108,73759,39632,7.795086315
2011,1,Connecticut,1.3,2.1,7.1,15.2,29,24.4,28.2,17.2,,,,282.9,2052,1.8,3.7,4.5,8.4,16.7,17.1,23.3,24.5,96.239,5152,74.6,24.8,19.7,5.1,0.7,3588283,9169,869,0.242486917
2011,3,Delaware,2.6,3,9.4,18.2,34.7,30.6,26.9,5.3,,,,242.2,1567,2.3,5.6,5.9,11.5,20.1,18.5,21.4,14.7,80.856,1300,75.3,23.5,17.5,6,1.1,907381,7788,4381,4.848990633
2011,3,District of Columbia,1.1,1,2.5,4.7,16.3,8.2,33.3,41.1,,,,426.8,2224,2.5,4.1,3.6,7.2,14.4,13.1,20.4,34.9,108.425,2600,77.9,21.1,15.2,5.9,1,619800,14574,9951,16.2461858
2011,3,Florida,5.2,20,20.7,17.6,18.5,58.3,11.9,6,,,,159.1,1470,3.7,10.6,9.4,14,21.2,14.9,15.5,10.8,63.474,1882,78.6,20.4,15.7,4.7,1,19053237,207700,169141,8.925935177
2011,3,Georgia,6,18.5,22.6,18.6,18,59.7,11.8,4.5,,,,156.3,1371,3.2,9.1,7.8,12.9,21.5,15.7,17.8,12,68.998,1612,80.5,18.8,12.7,6.1,0.7,9802431,90550,28820,2.95372955
2011,4,Hawaii,0.7,1.1,2.3,3.4,11.9,6.8,32.6,47.9,,,,485.8,2221,1.3,4.4,4,9.7,19,17.3,25.8,18.5,90.916,1390,76.4,22.2,17.9,4.3,1.4,1379329,15366,6340,4.622183858
2011,4,Idaho,4.2,14.3,24.2,22.3,20.8,60.8,10.7,3.5,,,,164,1212,2.7,9.2,9.4,17.4,23.7,16.2,15.1,6.3,60.854,1290,79.9,19,13.2,5.8,1.1,1583910,13164,2069,1.311711959
2011,2,Illinois,4.2,14.2,16.5,18.1,22.6,48.8,17,7.4,,,,190.1,1646,2.1,6.7,6.5,11.3,21.4,16.9,19.9,15.2,77.246,4206,79.2,20,15.9,4.2,0.8,12867454,26951,-33876,-2.635448628
2011,2,Indiana,6,27.1,26.9,18,13.3,72,6.7,1.9,,,,129.3,1091,2.2,8.4,8.6,14.6,24.5,17.9,16.3,7.6,65.849,1137,81.2,18.3,13.5,4.7,0.6,6516528,26096,588,0.090413133
2011,2,Iowa,7.2,24.3,25.9,17.7,15.9,67.9,7,1.9,,,,133.6,1144,1.4,6.6,7.9,13.6,25,19.3,17.4,8.8,70.433,1879,81.7,17.8,12.6,5.1,0.6,3066336,15591,5939,1.941775824
2011,2,Kansas,8.3,22.3,22.6,19.3,16.7,64.2,8,2.8,,,,143.1,1252,1.5,6.5,7.4,13.5,23.2,19.1,18.3,10.4,72.387,1922,85.1,14.4,9.7,4.7,0.5,2869225,11035,-3903,-1.362918524
2011,3,Kentucky,8.3,23.6,25.7,17.1,15,66.4,7.5,2.8,,,,134.9,1092,2.9,9.5,8.6,15,22.8,17.1,16,8,64.806,1137,80.5,18.9,14.7,4.1,0.6,4369821,21640,8862,2.033034633
2011,3,Louisiana,8.3,16.6,20.7,22.3,18.9,59.6,9.6,3.4,,,,158.2,1176,3.2,9.5,8,12.7,20.2,17.3,18.3,10.8,70.365,818,87,12.3,8.1,4.2,0.7,4575625,31093,9456,2.073648513
2011,1,Maine,5.1,11.8,18.2,22,24,52,13.8,5,,,,180,1304,2.1,8.8,8.9,13.7,22.4,18.4,16.8,8.7,67.548,2215,77,22.3,18.9,3.4,0.7,1328284,655,1099,0.827587349
2011,3,Maryland,1.7,3.2,6.7,12.5,27.7,22.4,30.5,17.8,,,,293.8,1961,1.8,4.4,4.3,7.4,17.1,16.1,24.7,24.1,97.939,3152,75.2,23.6,18,5.6,1.2,5839419,50774,21004,3.612639215
2011,1,Massachusetts,1.2,1.3,4.3,9.7,26.1,15.3,38.1,19.4,,,,330.5,2042,1.5,4.4,4.3,8,16.8,16.3,25,23.6,97.523,3735,74.2,24.9,20.3,4.6,0.9,6613583,47276,28245,4.286075225
2011,2,Michigan,10.8,26.2,21.9,17.7,14.4,65.8,6.7,2.4,,,,126.6,1275,2.6,8.9,8.3,13.8,22.2,16.9,17.2,10,67.704,2351,77,22.2,17.5,4.6,0.8,9882412,4902,-19283,-1.951728352
2011,2,Minnesota,3.5,9.3,17.4,23.3,26.1,50,15.1,5.3,,,,191.4,1481,1.7,5.2,6.1,11.5,22.5,18.5,21.4,13.1,78.48,2252,74.5,24.5,17.9,6.6,1,5346143,35315,6958,1.305811942
2011,3,Mississippi,12.8,28.1,21.7,16.6,13.3,66.4,5.8,1.7,,,,119.4,1048,5.1,12.7,10.3,15.1,22,15.1,12.5,7.2,57.051,913,89.2,10.4,7.3,3.1,0.4,2978731,8183,-2448,-0.822956866
2011,2,Missouri,6.7,20.5,24.2,19.1,17.4,63.8,8.8,3.2,,,,146.8,1199,2.2,8,8.2,14.2,23.1,17.6,16.9,9.9,67.78,1448,83.1,16.3,11.6,4.6,0.6,6010275,14301,-5967,-0.993982384
2011,4,Montana,4.2,9.4,16.4,20.6,28.4,46.4,15,6,,,,198.2,1256,2.6,9,8.7,16.3,24.7,16.7,15.3,6.7,62.611,1668,83.4,16,10.8,5.2,0.6,997316,6619,3732,3.754502611
2011,2,Nebraska,6.3,20.9,30,17.6,16.5,68.5,7.1,1.7,,,,137.8,1237,1.6,5.9,6.3,13.2,23.1,20.3,18.9,10.8,74.979,2561,83.2,16.1,10.2,5.9,0.7,1840672,11130,1060,0.577622994
2011,4,Nevada,4.6,17.7,22.7,20,19.1,60.4,12.2,3.9,,,,160.4,1529,2.7,7.7,8,14.5,21.2,15.9,18.5,11.5,70.462,1610,79.8,19.4,12.5,7,0.8,2712730,10325,-5259,-1.942333848
2011,1,New Hampshire,2,4,7.8,18.2,37.8,30,25,5.3,,,,243.1,1884,1.2,4.4,5.3,8.9,19.9,18.9,24.9,16.6,87.967,5050,76.5,22.6,17.6,5,0.9,1320202,3440,1211,0.918480495
2011,1,New Jersey,1.1,2.1,4.8,9.2,25.2,16.1,36.5,20.9,,,,332.1,2397,1.4,4.3,4.1,8,15.7,15.8,24.7,26.1,100.979,7188,76.2,22.9,19,3.8,1,8828117,28671,-6959,-0.789558942
2011,4,New Mexico,6,13.1,19.5,19.8,21.6,52.4,13.8,6.1,,,,174.1,1216,3.5,10.8,8,14,21.1,15.6,16.4,10.6,65.698,1283,85.7,13.6,8.4,5.2,0.7,2080450,15898,4484,2.163569523
2011,1,New York,2.9,10.5,11.4,10,14.6,31.9,27.4,23.1,,,,303.5,1977,1.8,5.3,5.1,9.4,18.2,16.7,22.3,21.2,89.84,4606,78.9,20.2,17.1,3.1,0.9,19499241,99363,6043,0.310701124
2011,3,North Carolina,4.4,15.9,22.5,19.7,19.5,58.1,12.4,5.5,,,,165.4,1246,2.8,9.1,8.6,14.5,22.1,15.6,16.6,10.6,65.803,1405,78.8,20.5,16.3,4.2,0.7,9657592,83269,41981,4.365763888
2011,2,North Dakota,8.6,18.1,24.7,22.3,17.4,65.1,7.2,1.7,,,,147.2,1155,1.4,4.2,5.4,12.2,23.5,21.1,21.8,10.4,78.423,2012,85.2,14.1,10.5,3.6,0.7,685225,10510,7286,10.71517861
2011,2,Ohio,5.5,24.5,25.7,19,15.8,69.2,7.2,2.4,,,,137.9,1243,2.2,7.8,8.1,13.8,23.7,17.1,17.4,9.9,68.599,2141,76,23.1,17.9,5.2,0.9,11544663,5327,-21931,-1.90010405
2011,3,Oklahoma,9,27.7,25.4,17,12.7,70.1,5.9,2.4,,,,125.6,1108,2.4,8.8,8.6,14.9,23.4,16.7,17,8.2,65.792,1153,89.6,10.1,5.6,4.4,0.3,3788379,28435,13643,3.614842661
2011,4,Oregon,2.9,4.1,10.7,19.7,29.8,34.5,23.5,9.3,,,,238.6,1546,2.4,7.4,6.9,12.8,23.6,18.2,17.6,11.1,71.65,2526,77.5,21.7,15.1,6.6,0.8,3872036,34545,21653,5.617205829
2011,1,Pennsylvania,4.9,15.5,17.7,18.4,22.2,51.6,15.4,5.8,,,,178.8,1408,2.1,6.7,6.7,12.3,22.5,17.4,19.2,13.1,74.597,2653,76.8,22.4,18.5,3.9,0.8,12745815,34655,19765,1.552816075
2011,1,Rhode Island,1.4,2.7,8,18.9,35.7,29.6,23.5,9.7,,,,244.4,1842,1.7,6.1,4.7,10.4,19.7,17.9,23.7,15.8,85.772,3796,74.9,24.3,19.9,4.4,0.9,1053649,-310,-1563,-1.483198014
2011,3,South Carolina,7.2,19.1,22.8,18,16.7,59.9,10.4,5.9,,,,152.3,1175,3,10.4,8.6,14.6,22.8,15.4,16.3,8.9,63.143,894,81.9,17.4,13.3,4.1,0.7,4671994,36345,20816,4.472883199
2011,2,South Dakota,7.7,17.6,25.2,21.9,16.7,64.7,8.8,2,,,,148.8,1178,1.8,5.7,7.6,14.8,25.7,21.5,15.4,7.6,70.3,1956,84.2,15.2,10.8,4.4,0.6,823579,7413,2911,3.550552068
2011,3,Tennessee,6.1,20.7,24.5,18.7,16.7,63.9,9.3,4.1,,,,147.4,1172,2.7,10.2,9.1,14.7,22.5,16.7,15.3,8.9,63.288,1090,84.2,15.4,11.3,4.2,0.4,6399291,43980,25505,3.999340787
2011,3,Texas,5.8,22,24.9,18.3,15.9,65.2,9,4.1,,,,144.1,1398,2.2,7.6,6.8,11.9,20.2,16.4,20,14.9,76.873,3020,91,8.6,4.7,3.9,0.4,25645629,403658,189731,7.45686572
2011,4,Utah,2.4,3.8,15.6,24.7,29.7,44.1,17.9,6,,,,209.9,1418,1.5,5.5,6.4,13.4,25.9,19,18.5,9.9,72.089,1432,80.2,19,11.9,7.1,0.9,2814384,39052,2170,0.776425851
2011,1,Vermont,2.6,5.7,12.5,22.2,30.9,40.4,19.5,6.6,,,,220.7,1487,1.5,7.1,7.4,12.5,22,20.3,17.9,11.4,74.419,3647,78.3,21.4,17.8,3.6,0.3,627049,1170,562,0.897098636
2011,3,Virginia,2.1,5.9,10.8,14.8,25.1,31.5,25,16.4,,,,262.8,1707,1.7,5.4,5.5,9.9,18.3,16.2,21.2,21.8,88.389,2128,76.2,23,17.2,5.8,0.8,8101155,77456,35449,4.396815004
2011,4,Washington,1.8,3.2,9,16.7,29.1,28.9,26.8,13.4,,,,263.1,1733,1.7,5.5,5.6,10.6,20.9,18.5,21.7,15.5,82.029,2826,78.3,20.7,15.3,5.3,1.1,6826627,83797,46859,6.906540181
2011,3,West Virginia,12.2,29.1,21.1,15.6,14.3,65.8,5.9,1.8,,,,118.4,937,3.6,10.9,10,15.2,21.5,15.8,15.6,7.4,61.318,696,85.3,14.3,11.1,3.2,0.4,1856301,2062,3527,1.901071003
2011,2,Wisconsin,2.9,12.9,23.2,22.3,24.1,58.4,11.3,3.4,,,,172.1,1402,2,6.4,6.6,13.3,24.4,19.3,18.7,9.4,72.203,3302,76.7,22.3,16.9,5.3,1,5705288,14813,-4429,-0.777306443
2011,4,Wyoming,4.7,9,18.9,23.2,27.5,51.1,12.5,4.2,,,,187.7,1269,1.7,5.4,7.7,11,22.7,20.1,22.5,8.8,77.66,1185,84.8,14.1,6.7,7.4,1.1,567299,2812,-215,-0.379930482
2011,X,Puerto Rico,1.7,20.9,30.9,22.2,15,74,6.9,2.4,,,,144,888,9.2,23.1,15.7,18.1,18.3,7,5.4,3.2,36.333,724,96,3.6,0.9,2.7,0.3,3678732,-42793,-53776,-14.53354931
2012,3,Alabama,8.5,23,21.7,17.9,16.8,62.6,9,3.2,,,,142.6,1104,3.2,9.8,8.9,13.7,21.5,17.1,16.7,9,65.297,597,85.4,14.2,10.1,4.1,0.5,4815588,16519,5703,1.186313771
2012,4,Alaska,2.3,2.7,7.4,14.3,38.1,24.4,28.9,6.3,,,,260.4,1831,1.2,4.5,4.4,8.3,16.5,18.8,24.4,21.8,94.352,3098,90,9.6,7,2.6,0.4,730443,8315,1029,1.416798215
2012,4,Arizona,5.7,18.3,21.9,17,18.3,57.2,12.9,5.9,,,,159.7,1320,2.8,8.1,8,13.4,22,15.4,18.4,11.9,69.604,1393,83.6,15.7,12,3.7,0.7,6554978,82335,44944,6.899801583
2012,3,Arkansas,11,28.7,22.6,16.1,13.1,67.4,6.2,2.1,,,,121.3,975,2.8,10.6,9.9,14.5,23.5,15.9,15.4,7.4,61.204,762,91.9,7.9,4.5,3.4,0.2,2952164,11497,2439,0.827785491
2012,4,California,1.7,4.1,7.2,9.3,18,20.6,28.5,31.3,,,,358.1,2119,2.3,5.7,5.2,9.6,17.1,15.2,21.8,23.2,91.024,3336,78,20.9,15.3,5.6,1.1,37948800,310431,56502,1.495015642
2012,4,Colorado,2.6,4.9,11.4,18,28.5,34.3,23.6,11,,,,240.5,1551,2,5.7,5.8,11.1,20.2,17.7,20.8,16.7,81.304,1539,79.1,19.9,12.3,7.5,1,5192647,71539,38739,7.512103982
2012,1,Connecticut,1.4,3,8.5,16.1,28.9,27.6,26,16.2,,,,270.9,2027,1.4,4.4,4,8.2,16.9,16.3,24.4,24.4,97.646,5139,75.1,24.1,18.6,5.5,0.8,3594547,6264,-1471,-0.409587864
2012,3,Delaware,3,3.5,10.2,20.2,34.3,33.9,23.2,5.6,,,,233.5,1517,2.1,6.3,5.2,11.9,20.9,18.4,21.6,13.7,79.61,1322,78.3,21.1,17.3,3.8,0.6,915179,7798,4414,4.843736283
2012,3,District of Columbia,1,0.7,2,5.5,15.4,8.2,30.4,45.1,,,,464.2,2262,2.4,3.8,3.8,6.1,13.1,11.3,21.8,37.7,119.398,2833,78.2,21.2,14.1,7.1,0.6,634924,15124,10095,16.09118818
2012,3,Florida,5.9,21.2,20,17.8,17.8,59,11.7,5.8,,,,156.7,1425,3.4,10.1,9.3,14.5,20.8,15.1,16,10.9,64.414,1819,80.3,19.1,14.5,4.6,0.6,19297822,244585,202523,10.56153365
2012,3,Georgia,6.6,20.6,21.8,17.9,17.2,60.3,11.2,4.7,,,,152.3,1331,3.2,8.5,7.3,12.3,21.4,15.7,17.9,13.6,71.353,1587,81.8,17.4,11.9,5.5,0.8,9901430,98999,36489,3.703741109
2012,4,Hawaii,0.7,1.2,2,3.8,12.1,7,30.8,49.5,,,,496.2,2244,1.8,5.5,3.5,8.6,17.3,17.3,25.9,20.1,94.565,1416,77.3,20.9,16.1,4.8,1.8,1394804,15475,7055,5.086273802
2012,4,Idaho,3,15.8,26.7,21.2,19.7,63.7,9.7,3.8,,,,158.4,1174,2.4,9.3,9.3,15.1,26.1,15.7,14.6,7.5,62.118,1240,81.9,17,11.9,5.1,1,1595324,11414,806,0.507040375
2012,2,Illinois,4.4,15.9,17.9,17.8,21.4,51.6,15.3,7.3,,,,180.2,1618,1.9,6.5,5.9,11,19.9,17.4,20.9,16.5,80.948,4328,80.3,19.1,14.9,4.2,0.7,12882510,15056,-43686,-3.393092122
2012,2,Indiana,6.7,26.9,26.4,17.7,14,71,6.4,1.9,,,,129.6,1069,2.1,8.1,8.2,14.9,23.7,17.9,17,8.1,66.792,1126,83,16.5,12.3,4.2,0.4,6537703,21175,-3033,-0.464676931
2012,2,Iowa,7.2,24.8,23.9,18.7,16.3,67.4,7.3,1.8,,,,137,1140,1.6,6.4,7.4,13.1,24.8,19.4,18.7,8.6,71.36,1962,84.2,15.2,10.6,4.6,0.6,3076190,9854,-547,-0.178102624
2012,2,Kansas,7.9,21.9,22.7,18.9,17.6,63.5,8.6,2.5,,,,144.8,1250,1.9,6.1,7,12.3,23.1,17.8,20.5,11.3,74.497,1989,85.6,13.8,9.5,4.3,0.6,2885257,16032,1352,0.469894597
2012,3,Kentucky,8.2,22.5,26.2,18.1,14.7,66.8,7.7,2.6,,,,135.8,1084,3,9.5,8.5,14.2,22.3,17.2,16.9,8.3,66.183,1189,82.1,17.3,13.2,4.1,0.6,4386346,16525,4220,0.963892077
2012,3,Louisiana,8.6,16.2,20.7,21.5,19.9,58.4,9.8,3.2,,,,158.3,1148,3.3,9.5,7.7,12.7,19.9,16.2,19,11.5,70.674,819,89,10.4,6.8,3.6,0.6,4600972,25347,3561,0.776104693
2012,1,Maine,4.3,13.4,18.3,21.8,23.6,53.5,14.1,4.4,,,,180.2,1300,2,8.8,8.7,14.5,23.6,17.7,16.9,8,66.223,2273,79.2,19.9,16.9,3.1,0.9,1327729,-555,-396,-0.298191312
2012,3,Maryland,2,3.3,7.2,12.8,28.3,23.3,29,17.3,,,,286.5,1918,1.6,4,4.2,7.8,16.1,15.4,25,26,101.171,3184,77.1,22,16.4,5.6,0.9,5886992,47573,19100,3.257603712
2012,1,Massachusetts,1.3,1.6,4.9,9.9,26.1,16.4,35.9,20.2,,,,326.6,2010,1.7,4.2,4.1,7.7,16.3,15.8,24.8,25.4,100.244,3853,76.6,22.6,18.2,4.4,0.8,6663005,49422,30496,4.593951398
2012,2,Michigan,12,25.9,21.4,17,14.4,64.3,6.8,2.5,,,,125.5,1233,2.6,8.4,7.9,13.7,22.5,16.8,17.6,10.5,68.744,2288,79,20.4,16.2,4.3,0.5,9897145,14733,-9045,-0.914580645
2012,2,Minnesota,3.3,10.6,19.3,22.1,24.4,52,15.1,5.2,,,,186.1,1465,1.4,4.7,5.2,11,21.4,19.2,22,15,82.353,2302,76.8,22.5,16.1,6.5,0.7,5376643,30500,2114,0.394300511
2012,3,Mississippi,13.3,27.5,20.3,17.7,13.9,65.5,5.5,1.9,,,,121,1031,3.8,11.8,10.5,15,22,14.6,14.5,7.8,59.737,918,89.6,9.8,6.8,3,0.6,2983816,5085,-5583,-1.872689641
2012,2,Missouri,7.1,21.5,23.4,19.1,17.2,64,8.5,3.2,,,,145.5,1176,2.4,7.9,8.2,13.8,23.8,17.2,16.8,9.9,67.99,1481,84.6,14.9,10.5,4.4,0.5,6024367,14092,-5351,-0.88926617
2012,4,Montana,4.7,8.6,14.6,22.3,27.9,45.5,15.8,6.1,,,,199.6,1233,2.2,8.8,7.9,14,23.4,18.5,17.5,7.7,68.103,1712,87.6,11.7,8.3,3.4,0.7,1003783,6467,3345,3.343162932
2012,2,Nebraska,6.3,21.3,29.3,18.5,15.6,69.1,6.8,2.2,,,,138,1229,1.4,6,6.2,12.9,24.1,19,19.8,10.4,74.121,2568,85.6,13.8,9.4,4.4,0.6,1853303,12631,2176,1.178134665
2012,4,Nevada,5,19.2,24.1,19.6,18.7,62.9,9.6,3.9,,,,153.4,1433,2.4,7.4,8.4,13.1,22,17.1,18.7,11,71.022,1503,83.1,16.1,9.9,6.2,0.8,2743996,31266,16760,6.142877616
2012,1,New Hampshire,2.2,4.2,9.4,18.1,36.7,31.7,23.6,5.9,,,,241.3,1828,1.3,5.3,4.1,9.2,19.5,19,23.7,17.9,88.49,5236,78.7,20.8,17,3.8,0.5,1324232,4030,2345,1.773536417
2012,1,New Jersey,1.2,2.4,5.4,10.6,26.4,18.4,34.6,19.4,,,,318.4,2342,1.4,4.1,4.1,7.4,15.5,15.9,24.2,27.4,101.703,7312,78.3,20.8,17.3,3.5,0.9,8844942,16825,-18503,-2.093921601
2012,4,New Mexico,5.6,13.2,20.8,21.1,21.3,55.1,12.8,5.3,,,,171.4,1193,3.7,10.9,9,13,21,15.8,16.6,10.1,65.215,1351,87.2,12.2,7.7,4.4,0.7,2087309,6859,-3597,-1.726107484
2012,1,New York,2.9,10.9,11.1,10.1,15,32.1,27.6,22.4,,,,299.7,1967,1.7,5.4,5.1,9,17.9,16.5,22.6,21.9,90.924,4669,80.4,18.9,16.3,2.6,0.7,19572932,73691,-18818,-0.963243073
2012,3,North Carolina,4.7,16.6,23.3,18.7,19.1,58.6,12.2,5.2,,,,162.1,1209,2.7,8.8,8.2,13.7,22,16.7,16.9,10.9,67.875,1406,80.2,19.2,15.3,3.9,0.6,9749476,91884,51023,5.258187378
2012,2,North Dakota,8.1,14.9,21,21,22.3,56.9,10.5,2.2,,,,161.6,1205,1.1,4.4,5.5,11.3,21.4,21.3,22.6,12.4,81.73,2099,86.2,13.3,9.5,3.8,0.5,701176,15951,11588,16.71666423
2012,2,Ohio,6,25.2,25.3,18.1,15.6,68.6,7.5,2.2,,,,135.7,1215,1.9,7.8,7.4,13.4,22.9,17.5,18.1,10.9,70.849,2193,78.2,21.2,16.6,4.6,0.6,11548923,4260,-21690,-1.878443651
2012,3,Oklahoma,8.8,25.9,26.3,17.1,13.4,69.3,6.1,2.3,,,,127.2,1111,2.3,8.5,8.1,14.5,23.4,17.4,16.5,9.3,67.288,1205,90.5,9.1,5,4.1,0.4,3818814,30435,14945,3.929175979
2012,4,Oregon,3,4.2,12.5,19.6,29.6,36.3,22.7,8.4,,,,231.5,1544,2.4,6.9,6.6,12.6,22.9,17.5,19.8,11.3,73.328,2591,79.5,19.6,14.1,5.5,0.9,3899001,26965,15097,3.885453126
2012,1,Pennsylvania,5.1,15.9,18,18.1,22.3,52,14.7,5.9,,,,176.7,1382,2.1,6.6,6.4,11.5,21.5,18.1,20.2,13.7,77.138,2725,78.9,20.3,16.9,3.5,0.8,12767118,21303,6422,0.503430946
2012,1,Rhode Island,1.7,3.1,9.9,21.5,33.5,34.5,21.8,8.6,,,,236.4,1774,2.1,5.6,4.9,10.3,19.4,18,22.7,17.1,84.818,3918,76.5,22.8,17.7,5.1,0.7,1054621,972,-667,-0.63274628
2012,3,South Carolina,7.4,19,22.3,18.4,16.9,59.7,11,5,,,,153,1155,2.8,8.8,8.2,14.7,22.9,16.3,16,10.2,65.791,886,83.5,15.9,12,3.9,0.7,4717354,45360,29431,6.269018893
2012,2,South Dakota,8,16.8,25.4,20,18.7,62.2,9,2.1,,,,149.7,1174,1.7,5.9,7.7,14.7,24.7,20.5,16.4,8.4,69.582,1988,87.2,12.2,9.2,3,0.6,833566,9987,5397,6.513612267
2012,3,Tennessee,6.5,21,24.6,17.7,16.8,63.3,9.5,4,,,,145.8,1143,2.6,10.2,9.4,14.9,22.7,15.8,15.1,9.4,62.902,1127,85.7,13.8,9.6,4.2,0.5,6453898,54607,34546,5.3754753
2012,3,Texas,5.9,21.5,24.7,18.6,15.6,64.8,9.4,4.3,,,,145.4,1374,2.2,6.8,6.7,11.7,19.7,16.3,20.5,16,78.895,3021,92,7.7,4.1,3.6,0.3,26084481,438852,226699,8.764682696
2012,4,Utah,2.2,4.2,18.3,24.5,28.8,47,16,5.9,,,,202.2,1396,1.7,5.5,5.9,13.2,24.6,19,19.8,10.4,74.12,1448,82.2,17.3,10.6,6.7,0.5,2853375,38991,4114,1.45172016
2012,1,Vermont,2.5,5.3,12.8,20.1,33.7,38.2,18.7,6.9,,,,225.3,1478,1.9,6.2,6.7,12.1,24.2,18.9,19.7,10.1,73.468,3758,78.7,20.6,18.2,2.4,0.6,626090,-959,-1544,-2.464211871
2012,3,Virginia,2.3,6.5,10.6,15.7,24,32.8,24.1,16.8,,,,257.4,1670,1.8,5.5,5.2,9.7,18,15.9,21.6,22.5,90.004,2108,78,21.4,16.1,5.3,0.7,8185080,83925,41160,5.054575229
2012,4,Washington,2.1,3.8,10.2,17.8,28.8,31.8,24.9,12.4,,,,249.3,1715,1.8,5.3,5.4,10.7,20.2,17.3,22.5,16.9,83.287,2848,79.9,19.2,13.9,5.2,0.9,6897058,70431,33476,4.878573066
2012,3,West Virginia,11.4,27.9,22.8,16.2,13.5,66.9,6.4,1.7,,,,119.9,931,2.6,10.6,8.9,14.9,23.3,17.4,15.3,7.2,62.698,711,86.7,13,10.3,2.7,0.3,1856872,571,1538,0.828402016
2012,2,Wisconsin,3.2,14,22.9,22,23.5,58.9,11.1,3.3,,,,169.5,1376,1.7,6.1,6.5,12.6,23.5,19.5,20.2,9.8,74.471,3322,78.4,20.8,15.3,5.4,0.8,5719960,14672,-4770,-0.834992816
2012,4,Wyoming,4.5,6.7,15.2,25.5,27,47.4,15,6,,,,195.7,1297,2,6.3,5.3,10.7,21.5,21.3,21.1,11.8,79.938,1216,87.6,12,6.4,5.6,0.3,576305,9006,5729,10.01920245
2012,X,Puerto Rico,1.7,18.7,34.1,21.8,14.7,74.6,6,2.9,,,,143.1,881,8,23.6,14.7,19.7,18.4,7.3,5,3.3,37.209,682,96.3,3.4,0.9,2.5,0.2,3634488,-44244,-54784,-14.98218295
2013,3,Alabama,9,22.2,22.3,17.4,16.7,61.9,9.3,3.1,,,,141.4,1093,3.1,9.5,8.1,14.5,22.1,16,16.8,9.9,65.89,595,86.1,13.3,9.7,3.6,0.6,4830081,14493,7343,1.522548617
2013,4,Alaska,1.9,2.5,6.5,15.4,36.4,24.4,30.4,6.8,,,,266.8,1746,1.1,4.3,2.9,7.5,16.1,18,27.4,22.9,100.319,3175,90.1,9.3,6.7,2.7,0.6,737068,6625,-701,-0.955359108
2013,4,Arizona,5.4,13.2,19.4,18.5,21.4,51.1,15.3,6.9,,,,178.2,1277,3.1,8.3,7.5,13.3,20.7,15.8,18.3,13.1,71.112,1394,84.6,14.7,11,3.7,0.7,6632764,77786,42047,6.376679192
2013,3,Arkansas,11.3,26.7,23.8,16.2,13.3,66.7,6.3,2.4,,,,124.7,979,3.2,10.7,9.2,14.9,21.9,15.5,16.1,8.6,62.241,800,92.7,7,4.1,3,0.2,2959400,7236,171,0.05785271
2013,4,California,2.8,3.2,5.7,8,16.3,16.9,29.2,34.9,,,,383.2,2059,2.2,5.6,5,9.1,16.8,14.8,21.7,25,93.538,3412,80.4,18.5,13.8,4.7,1.1,38260787,311987,62836,1.649031375
2013,4,Colorado,3.4,4.7,10.4,16.6,29.4,31.7,23.9,11.6,,,,246.5,1516,1.9,5.7,6,10.9,18.8,17.2,21.5,17.9,84.267,1558,80.4,18.7,11.7,7,0.8,5269035,76388,44424,8.492707005
2013,1,Connecticut,2.7,2.9,8.9,15.6,26.7,27.4,26.8,16.5,,,,272.8,1986,1.4,3.8,3.8,7.5,16.8,16,24,26.8,100.866,5399,78.7,20.6,16.1,4.6,0.7,3594841,294,-6007,-1.671074089
2013,3,Delaware,4.3,4.4,10.1,19.1,31,33.6,24.7,6.5,,,,233.9,1504,2.3,5.9,6.4,11,20.4,16.2,20.6,17.2,80.332,1366,81.8,17.3,13.6,3.7,0.9,923576,8397,5655,6.150901017
2013,3,District of Columbia,3,1.8,1.5,3.9,12.6,7.2,30.7,46.5,,,,472.2,2236,2.5,3.1,3.3,5.3,12.1,13.5,20.8,39.5,123.456,2794,79.5,19.4,13.2,6.2,1.1,650581,15657,10788,16.78406541
2013,3,Florida,6.6,18.5,19.1,17.3,18.8,54.9,12.9,6.7,,,,163.6,1368,3.2,10.2,8.3,13.6,21.2,15,16.4,12.1,66.386,1808,82.8,16.5,12.7,3.7,0.7,19545621,247799,215179,11.07929593
2013,3,Georgia,7.7,20.6,20.7,17.3,16.7,58.6,11.9,5.2,,,,152.4,1288,3.3,8,7.5,12.4,20.7,16.3,18.1,13.8,72.247,1507,83.2,16.1,11,5.1,0.7,9972479,71049,16454,1.655839322
2013,4,Hawaii,1.5,1.1,1.8,3.3,11,6.2,31.2,50,,,,500.4,2220,1.7,4.9,4.5,6.9,16.4,16,26,23.6,99.096,1435,78.1,21.1,17.7,3.4,0.8,1408243,13439,4917,3.508325048
2013,4,Idaho,4.3,13.2,25,23.1,19.6,61.3,10.6,4.2,,,,162.7,1142,2.5,7.9,9.4,15.5,25.4,17.5,14.2,7.7,63.271,1215,83.8,15.6,10.4,5.2,0.7,1611206,15882,5325,3.321347376
2013,2,Illinois,5.5,16.1,17.1,17.2,21.2,50.4,15.3,7.6,,,,179.7,1565,2.2,6.2,6.1,10.6,19.6,16.6,21.1,17.5,81.661,4327,82,17.4,13.8,3.6,0.6,12895129,12619,-40418,-3.135896193
2013,2,Indiana,7.5,25.8,26.1,17.1,14.2,69,7.1,2.2,,,,129.9,1062,2.2,8.1,8.1,14.3,23,17.8,17.6,8.9,68.672,1141,83.9,15.5,11.9,3.6,0.6,6568713,31010,8676,1.323931729
2013,2,Iowa,7.7,24.1,24.3,18.5,15.7,66.9,7.8,1.9,,,,136.6,1118,1.7,6,7,13.3,23.2,19.1,19.8,10,73.661,2026,84.8,14.7,10.5,4.2,0.4,3092997,16807,7098,2.301113583
2013,2,Kansas,8.8,21.4,20.9,19.6,17.2,61.9,9.2,2.9,,,,147.4,1241,2.1,5.7,6.4,11.9,22.5,18.5,20,12.8,76.344,1986,88,11.5,8.3,3.2,0.5,2893212,7955,-6184,-2.140359324
2013,3,Kentucky,9.3,21.9,24.6,17.8,15.4,64.3,8.2,2.8,,,,137.4,1074,3.3,9.1,8.1,13.7,22.8,16.3,17.6,9,66.23,1202,84.1,15.3,11.7,3.6,0.6,4404659,18313,6753,1.536343114
2013,3,Louisiana,8.3,15.4,20.5,21.1,20.5,57,10.9,3.3,,,,161.4,1166,2.8,8.4,7.6,12.1,19.8,16.3,19.9,13.1,73.786,903,88.7,10.7,7.5,3.2,0.6,4624527,23555,4501,0.975773777
2013,1,Maine,5,12.3,19.4,20.8,23.9,52.5,13.9,4.7,,,,178.8,1268,1.8,8.1,8,13.5,22.8,19,16.7,10,70.181,2337,80.7,18.8,16.1,2.8,0.5,1328009,280,959,0.722209796
2013,3,Maryland,3.1,3.6,7.2,12.7,26.6,23.5,29.5,17.3,,,,287.6,1867,1.7,4,4.1,7.6,16.3,15.6,24.2,26.4,100.73,3193,78.6,20.6,15.7,4.8,0.8,5923188,36196,10142,1.717501342
2013,1,Massachusetts,2.8,1.5,4.9,9.6,24.2,16,35.8,21.2,,,,330.6,1976,1.6,4.1,4.1,7.1,16.3,16,24.7,26.1,100.943,3971,78.2,21,17,4,0.8,6713315,50310,33783,5.051165044
2013,2,Michigan,11.6,24.7,20.9,17,15.1,62.6,8.2,2.6,,,,130.2,1207,2.5,7.9,7.8,13.2,22,16.9,18.2,11.6,70.833,2277,81.7,17.7,13.6,4.1,0.6,9913065,15920,-4999,-0.504689249
2013,2,Minnesota,4.4,9.6,18.7,21.7,24.5,50,15.5,5.8,,,,188.7,1438,1.4,5,5.3,10.3,21,18.7,22.7,15.6,83.418,2260,79.2,20.1,14.6,5.5,0.8,5413479,36836,9621,1.783297724
2013,3,Mississippi,13.1,27.8,19.4,16.8,15,64,5.8,2,,,,121.7,1021,3.9,12.2,9.6,13.9,22.5,15.1,14.7,8.1,60.551,944,90.5,9,6.3,2.7,0.5,2988711,4895,-2997,-1.003595296
2013,2,Missouri,8,21.1,23.5,18.3,16.8,62.9,8.8,3.6,,,,144.2,1162,2.5,8.2,7.6,13.3,22.8,17,17.5,11.2,69.881,1487,86.5,13.1,9.5,3.6,0.5,6040715,16348,-934,-0.154826963
2013,4,Montana,5.6,7.8,13.4,21.2,27.9,42.4,17.3,6.7,,,,206.2,1259,1.8,7.2,8,13.7,24.6,17.1,17.6,9.9,69.02,1732,88.4,11.1,7.5,3.6,0.5,1013569,9786,6965,6.905091427
2013,2,Nebraska,6.6,19.4,29.1,18.5,16.9,67,7.1,2.3,,,,141.5,1226,1.8,5.3,6.9,12.4,23.1,19,20.6,11,75.538,2595,86.4,13.2,8.8,4.4,0.4,1865279,11976,2205,1.185935929
2013,4,Nevada,5.6,14.4,20.3,19.7,22.9,54.4,13.1,4,,,,169,1361,2.4,7.8,7.9,12.6,22.8,16.2,18.7,11.6,70.521,1474,85.1,14.2,9.3,5,0.6,2775970,31974,18122,6.565982472
2013,1,New Hampshire,3.6,4,9.9,17.3,34.7,31.2,25,5.4,,,,239.5,1778,1.3,4.1,4.2,9.6,19.7,18.3,25.1,17.6,89.198,5269,80.6,18.6,15.5,3.2,0.7,1326622,2390,806,0.608105916
2013,1,New Jersey,3.1,2.6,5.6,10.4,25.4,18.6,33,19.9,,,,314.2,2296,1.8,4.3,3.8,7.4,15.1,14.7,24.1,28.8,104.023,7432,79.4,19.8,16.9,2.9,0.9,8856972,12030,-18948,-2.140785454
2013,4,New Mexico,5.9,12.1,20.5,21.7,22.2,54.3,12,5.7,,,,172.7,1193,4.4,10.1,7.7,12.8,20.5,15.4,18,11.2,68.225,1342,88.8,10.8,7,3.8,0.4,2092273,4964,-5034,-2.408853326
2013,1,New York,4,10.2,11.3,9.9,15.4,31.4,26.3,22.8,,,,293.9,1956,1.8,5.1,4.9,8.9,17,16,23,23.2,93.214,4832,81.4,18,15.4,2.6,0.6,19624447,51515,-35115,-1.79170143
2013,3,North Carolina,5.6,15.7,21.6,19.4,19.4,56.7,12.9,5.4,,,,165.5,1205,3,7.9,8.1,13.5,21.9,16.5,16.9,12.1,69.692,1423,82,17.4,14.1,3.4,0.6,9843336,93860,58114,5.932175535
2013,2,North Dakota,6.9,14.9,19.1,19.1,25.7,53.1,11.9,2.5,,,,169.4,1207,0.9,3.3,5.5,11.4,20.8,22.6,22.3,13.2,84.279,1998,87.3,12.1,9.1,3,0.5,722036,20860,16331,22.94949733
2013,2,Ohio,6.9,25.1,24.3,17.8,15.8,67.2,7.6,2.6,,,,135.9,1209,2.3,7.3,7.3,13.1,21.9,17.4,18.9,11.8,72.263,2192,79.8,19.6,15.2,4.4,0.6,11576684,27761,3880,0.33555876
2013,3,Oklahoma,9,25.3,25.3,18.2,13.5,68.8,6.4,2.3,,,,130.2,1094,2.5,8.2,7.9,13.9,22.8,16.9,17.9,9.9,69.105,1211,91.9,7.5,4.1,3.4,0.6,3853214,34400,19428,5.064632194
2013,4,Oregon,4.2,3.9,10.8,18.6,29.4,33.3,23.9,9.3,,,,238.9,1502,2.4,7.2,6,12.3,21.5,18,20,12.6,75.704,2606,81.6,17.3,12.6,4.7,1.2,3922468,23467,11946,3.054669142
2013,1,Pennsylvania,5.9,15.3,17.5,18.1,22.1,50.9,15.4,5.8,,,,178,1373,2.1,6.4,6.3,11.5,20.9,17.3,20.5,14.9,78.522,2812,80.5,18.8,15.7,3.1,0.7,12776309,9191,-749,-0.058645224
2013,1,Rhode Island,3.6,2.9,11.1,21.8,28.9,35.8,22.5,9.1,,,,233.4,1751,1.4,4.8,5.2,10.5,17.6,17.8,22.4,20.3,87.597,3905,75.9,23.6,19.1,4.5,0.5,1055081,460,-740,-0.701520878
2013,3,South Carolina,7.4,17.8,22.5,18.3,17.5,58.6,11.1,5.4,,,,155.5,1144,3.3,8.9,8.9,13.9,21.6,16.5,17.1,9.7,66.986,919,84.5,14.9,11.6,3.3,0.6,4764080,46726,34343,7.24426284
2013,2,South Dakota,7.8,16.2,24.7,22.2,16.9,63.1,9.1,3.1,,,,152.3,1150,1.5,5.3,6,14.5,26.2,19.9,17.3,9.4,71.236,2011,86.7,12.6,8.8,3.8,0.7,842316,8750,3877,4.626817401
2013,3,Tennessee,7,20.2,24.1,18,16.5,62.3,10,4.1,,,,147.4,1138,3.2,8.9,8.5,14.5,22.7,16.1,15.7,10.3,65.719,1154,86.9,12.6,9.1,3.5,0.5,6494340,40442,23220,3.586588384
2013,3,Texas,6.3,20.3,23.6,17.6,16.9,61.5,10.5,4.7,,,,149.6,1375,2.4,6.5,6.2,11,19.1,16,21,17.8,81.777,3119,93,6.7,3.9,2.8,0.3,26480266,395785,187455,7.132346704
2013,4,Utah,4,3.4,15.4,22.2,29.5,41,18.9,6.5,,,,214.3,1377,1.5,5.4,5.9,11.8,23.5,19.5,20.7,11.8,76.937,1458,84.1,15.4,10.1,5.3,0.5,2897640,44265,8780,3.053374057
2013,1,Vermont,3.8,5.4,13.7,19.2,31,38.3,20.5,6.5,,,,222.9,1482,1.5,7,7.3,11.5,21.8,18.2,19.6,13.2,76.275,3816,79.9,19.8,17.6,2.2,0.3,626210,120,-221,-0.352950571
2013,3,Virginia,3.6,5.8,10.8,15,22.3,31.6,24.9,17.6,,,,262,1645,1.9,5,5.1,10.1,17.6,15.4,21.6,23.3,90.992,2078,79.7,19.6,15,4.5,0.7,8252427,67347,28404,3.455998528
2013,4,Washington,3.1,3.4,9.6,16.5,27.8,29.5,25.8,13.8,,,,259.7,1667,2.3,5,5.5,10.1,19.6,17.2,22.3,18,84.655,2824,82.6,16.8,12.2,4.6,0.7,6963985,66927,31002,4.47325645
2013,3,West Virginia,11.1,28.3,21.3,17.8,13.3,67.4,6.7,1.6,,,,122.6,939,2.6,10.9,8.6,14.1,24.3,16.5,15.2,7.8,62.936,725,88.1,11.4,8.9,2.5,0.6,1853914,-2958,-1532,-0.825701078
2013,2,Wisconsin,4.1,14.3,22.7,21,22.7,58,11.8,3.4,,,,168.3,1352,1.7,6.1,6.8,12.2,23,18.9,20.6,10.7,75.221,3304,80,19.4,14.8,4.6,0.6,5736754,16794,380,0.066336648
2013,4,Wyoming,4.1,6.3,13.7,23.9,29.3,43.9,17.1,5.5,,,,205.2,1330,1.8,5.7,5.8,9.7,21.2,19.6,24.7,11.6,82.738,1260,88.6,10.8,5.1,5.7,0.6,582122,5817,2817,4.863491614
2013,X,Puerto Rico,2.7,17.7,32.6,24.2,14.7,74.5,5.5,2.6,,,,144.9,877,8.5,22,15.9,18.3,17.8,7.7,6.3,3.5,37.441,651,96.5,3.2,0.9,2.2,0.4,3593077,-41411,-49883,-13.80354241
2014,3,Alabama,8.8,21.6,21.5,17.2,18.2,60.3,9.7,3,,,,145.7,1119,3.2,9.9,8.2,14,20.9,15.3,18,10.5,66.546,603,86.8,12.6,9.3,3.3,0.6,4841799,11718,2725,0.563489208
2014,4,Alaska,2.6,2.5,5.7,15.4,35.6,23.6,30.9,7.4,,,,268.7,1797,1.5,3,2.7,7.3,18.1,15.5,28.6,23.4,102.659,3260,90.7,8.8,6.5,2.3,0.5,736283,-785,-8443,-11.46094855
2014,4,Arizona,4.9,11,16.7,19,22.4,46.7,17.7,8.3,,,,194.9,1273,2.9,7.6,7.6,12.7,20.7,15.3,18.6,14.6,72.609,1401,87,12.5,9.5,3,0.5,6730413,97649,61260,9.168478424
2014,3,Arkansas,10.4,26.2,23.4,17.2,13.6,66.8,6.9,2.4,,,,128.2,995,2.5,9.7,9.2,15.7,21.6,15.6,16.5,9.2,63.705,835,92.5,7.3,4.8,2.5,0.2,2967392,7992,-271,-0.091449135
2014,4,California,2.7,2.1,4.1,6.2,14.7,12.4,30,40.2,,,,427.7,2068,2.1,5.4,5,8.5,16,14.8,21.8,26.4,96.305,3548,82.1,17,12.9,4.1,0.8,38596972,336185,84680,2.203551108
2014,4,Colorado,3.5,4,8.2,15.6,28.1,27.8,26.9,13.6,,,,263.5,1536,2,5.4,5.5,9.7,19.3,16.5,22.2,19.4,86.219,1560,82.9,16.3,10.4,6,0.7,5350101,81066,48408,9.117125913
2014,1,Connecticut,2.8,2.7,9.3,15.8,27.1,27.8,26.1,16.3,,,,271,1994,1.4,3.5,4,7.8,15.2,16.2,24,27.9,102.375,5472,78.9,20.6,16.6,4,0.5,3594524,-317,-6980,-1.941757026
2014,3,Delaware,3.9,4.5,11.1,18.4,30.9,34,25,6.3,,,,234.6,1460,2.8,6,6,12,18.7,16.3,21.2,17,81.238,1326,82.5,16.4,12.3,4.1,1.1,932487,8911,5973,6.436203944
2014,3,District of Columbia,2.3,1.4,1.9,3.3,12.7,6.6,28.7,49.7,,,,497.9,2194,2.6,3.3,2.8,4.7,11.9,12.2,20,42.5,125.87,2649,79.2,19.7,14.1,5.6,1.1,662328,11747,6983,10.63744707
2014,3,Florida,6.2,16.3,17.3,17.9,20.2,51.5,15,7.1,,,,173.5,1364,3.3,9.1,8.3,13.1,21,15.2,17.2,12.8,68.407,1808,84.4,14.9,11.6,3.3,0.6,19845911,300290,260032,13.20243143
2014,3,Georgia,6.9,18.6,20.9,17.3,17.5,56.8,13,5.8,,,,158.8,1285,2.6,7.7,6.7,12.7,20.6,16.1,18.1,15.5,74.446,1506,85.6,13.8,9.5,4.3,0.5,10067278,94799,39859,3.977992348
2014,4,Hawaii,1.5,1,1.7,2.4,11.5,5.1,28.2,53.7,,,,531.3,2173,1.9,4.5,3.1,7.9,15.2,16.8,26.5,24.1,100.636,1423,79.5,20,16.4,3.6,0.5,1414538,6295,-1855,-1.314306707
2014,4,Idaho,3.6,11.2,24.4,22.2,22.1,57.8,12.1,4.5,,,,172.7,1138,2.1,8.5,8.5,14.8,23.9,16.6,15.5,10,65.438,1290,84,15.7,11.2,4.6,0.3,1631112,19906,9804,6.047525258
2014,2,Illinois,5.4,15.2,17,16.9,21,49.1,16,8.4,,,,183.9,1584,2.1,5.8,5.8,10.5,18.4,16.7,21.4,19.2,85.072,4354,83.1,16.4,13.2,3.2,0.5,12884493,-10636,-65886,-5.111479137
2014,2,Indiana,7.2,25.1,26.6,17.4,14.2,69.1,7.3,2.2,,,,132,1082,2,7.4,7.8,14.3,23.4,17.8,17.8,9.5,69.207,1154,85,14.5,11.4,3.1,0.5,6593644,24931,1883,0.286118968
2014,2,Iowa,7.3,22.6,23.5,18.1,17.8,64.2,8.5,2.3,,,,142.7,1173,1.7,6,6.1,12.3,22.8,18.7,20.6,11.8,76.198,2118,85.4,14,10,4,0.7,3109350,16353,5857,1.888639897
2014,2,Kansas,8.7,21.3,21.2,18.1,17.9,60.6,9.9,2.9,,,,147.2,1256,1.7,5.9,6,11.5,22.1,18.8,20.5,13.5,78.366,2001,88.9,10.6,7.9,2.7,0.5,2900475,7263,-6531,-2.254522897
2014,3,Kentucky,7.7,21.8,25.1,18.2,16.3,65.1,8.2,2.8,,,,140.3,1100,3,9,7.7,13.6,22.2,17.2,17.6,9.7,68.299,1233,84.3,15.2,11.6,3.6,0.5,4414349,9690,-2109,-0.478285086
2014,3,Louisiana,7.8,15.6,20.1,21.3,20.1,57,11.3,3.7,,,,162.4,1178,2.8,8.9,7.6,12.4,19.2,15.7,20,13.5,73.333,911,90.4,9,6.4,2.7,0.5,4644013,19486,-1121,-0.241893545
2014,1,Maine,5.3,11.6,16.5,21.5,25.7,49.6,14.1,5.2,,,,186.8,1322,2.3,7.3,8.8,11.8,21.8,18.4,18.8,10.8,71.874,2500,80.1,19.5,17,2.5,0.4,1330513,2504,3314,2.493114595
2014,3,Maryland,3.2,3.2,6.6,11.2,26.2,21,30.9,18.6,,,,297.9,1903,1.7,3.8,3.8,7.5,15.7,15.2,24.4,27.9,103.122,3267,79.4,19.6,15,4.7,0.9,5957283,34095,6647,1.118979206
2014,1,Massachusetts,2.8,1.2,4.2,8.9,23.2,14.3,36.4,23.2,,,,343.5,2014,1.5,4,3.9,6.9,14.6,15.1,25,28.9,105.884,4106,79.5,19.7,16.2,3.5,0.7,6762596,49281,33166,4.922264625
2014,2,Michigan,10.2,22.9,20.5,17.3,16.3,60.7,9.6,3.1,,,,140.2,1217,2.3,7.4,7.3,12.8,21.9,16.8,19.1,12.4,72.702,2325,83.1,16.4,13.1,3.3,0.5,9929848,16783,-5336,-0.53782426
2014,2,Minnesota,4.4,8.5,16.8,21.4,26,46.7,17,5.9,,,,197.2,1454,1.4,4.5,5.3,10.2,19.9,18,23,17.6,86.001,2266,80.6,18.7,13.7,5,0.7,5451079,37600,9176,1.689162136
2014,3,Mississippi,11.2,27,20.7,17.7,14.6,65.4,7,1.7,,,,126.3,1079,3.9,10.9,10.1,14.4,20.6,16.2,15.9,8,62.004,1047,90.4,9.2,7,2.2,0.3,2990468,1757,-6380,-2.134072253
2014,2,Missouri,7.5,19.8,23,18.3,18.4,61.1,9.4,3.6,,,,149.3,1187,2.4,7,7.6,13.1,22.3,17.8,18.3,11.6,71.914,1485,87.1,12.4,9.2,3.2,0.5,6056202,15487,-2775,-0.458794584
2014,4,Montana,4.3,7.7,12.3,20.5,29.5,40.5,19.2,6.6,,,,215.2,1251,2.4,7.5,7.8,13.6,23.6,16.6,18.3,10.2,69.249,1792,88.3,11.4,8.6,2.8,0.3,1021869,8300,5238,5.146803784
2014,2,Nebraska,6.2,18.7,28.9,17.9,17.5,65.5,8.1,2.7,,,,143.9,1261,1.3,5.1,6.2,11.5,22.6,19.6,21.6,12,78.285,2666,87.9,11.7,8.1,3.6,0.4,1879321,14042,3339,1.78336805
2014,4,Nevada,4.5,9.5,15.8,20.4,26.5,45.7,17.5,5.8,,,,199.3,1331,2.4,6.9,7.4,12.8,22.5,17.2,18.7,12.1,72.219,1472,88.1,11.3,8,3.3,0.6,2817628,41658,27307,9.763661958
2014,1,New Hampshire,3.2,3.5,9.1,18.7,34.6,31.3,24.3,6.5,,,,242.4,1828,1.1,3.7,4.7,8.4,17.9,17.3,25.2,21.7,95.114,5408,81.2,18.2,15.2,3.1,0.5,1333341,6719,5779,4.345173222
2014,1,New Jersey,3.1,2.2,5.4,10.6,23.8,18.2,34,20.8,,,,322.5,2313,1.7,4.1,3.8,7.1,14.2,14.5,24.5,30.3,107.452,7625,81,18.3,15.6,2.7,0.8,8864525,7553,-25416,-2.868380702
2014,4,New Mexico,6.4,12,20.1,21.4,21.2,53.5,13.3,5.6,,,,172.7,1195,3.6,9.8,7.9,13.7,20.5,17.5,16.1,11,67.616,1400,89.1,10.4,6.2,4.2,0.5,2089568,-2705,-11999,-5.738620861
2014,1,New York,3.7,10.2,11.3,10.1,14.8,31.6,26.1,23.9,,,,299.5,1982,2,4.9,4.7,8.6,17,15.9,22.7,24.3,94.497,4982,83,16.5,14.4,2.1,0.5,19651049,26602,-61469,-3.130145066
2014,3,North Carolina,5.4,15.3,21.3,18.7,20,55.3,13.7,5.7,,,,168.1,1224,2.3,8.1,7.7,13.3,21.3,16.6,17.9,12.8,71.498,1461,82.6,16.7,13.4,3.3,0.6,9932887,89551,52201,5.279167817
2014,2,North Dakota,5.3,12.8,18.9,18.3,25.9,50,14.7,4.1,,,,181.9,1267,1.1,2.8,4.3,9.5,21.1,20.1,23.4,17.7,87.052,1884,86.9,12.5,9.1,3.4,0.6,737401,15365,10275,14.08077224
2014,2,Ohio,6.7,24.5,23.7,18.1,16,66.3,8.3,2.6,,,,138.6,1211,2.1,6.9,6.9,12.3,21.9,17.4,19.8,12.6,74.778,2250,81.7,17.8,14,3.8,0.5,11602700,26016,-649,-0.055998037
2014,3,Oklahoma,8.5,23.8,24.5,18.5,15.1,66.8,6.7,2.9,,,,135.7,1143,2.4,7.5,7.7,12.3,22.6,17.1,18.6,11.7,71.619,1286,92.4,7.2,4,3.2,0.3,3878187,24973,10632,2.750342402
2014,4,Oregon,4.1,3.8,9.7,16.3,30.2,29.8,25.7,10.3,,,,249.6,1500,2,6.4,5.9,11.7,21.1,17.8,20.7,14.2,78.44,2710,83.3,15.8,11.5,4.4,0.8,3963244,40776,28978,7.349494884
2014,1,Pennsylvania,5.5,14.8,17.6,18.3,22,50.7,15.7,6.1,,,,178.8,1400,2.1,6.2,5.9,11,20.4,17.5,21,15.9,80.658,2856,81.3,18.1,15.4,2.7,0.6,12788313,12004,-2067,-0.161707848
2014,1,Rhode Island,3.1,2.9,11.2,20.3,30.9,34.4,23.4,8.3,,,,237.1,1745,1.5,4.2,5.5,10.1,19.2,17.5,22.1,19.9,87.161,3905,77.2,22.3,17.8,4.4,0.5,1055936,855,-70,-0.066318746
2014,3,South Carolina,7.6,17.3,21.7,17.9,18.2,56.9,11.3,6,,,,158.3,1164,3,9.2,8.1,13.6,21,17.2,17.3,10.6,68.08,936,86.8,12.8,9.6,3.1,0.4,4823617,59537,46059,9.607938173
2014,2,South Dakota,7.2,15.4,22.8,21.7,20,59.9,10.2,2.8,,,,158,1201,1.2,5.3,6.1,13.1,24.2,20.7,19.6,9.8,75.138,2069,87.5,11.8,9.1,2.7,0.6,849129,6813,1451,1.715692795
2014,3,Tennessee,6.4,19.6,22.7,18.2,17.4,60.5,10.8,4.9,,,,152.9,1167,2.8,9.2,8.4,14.1,21.5,16.3,16.5,11.1,66.987,1174,86.8,12.8,9,3.8,0.4,6541223,46883,29657,4.550167875
2014,3,Texas,6.2,18.4,21.5,18.6,17.6,58.5,12.2,5.5,,,,158.8,1419,2.1,6.5,5.8,10.3,18.8,16,21.4,19.1,84.347,3223,93.7,6.1,3.5,2.5,0.3,26964333,484067,267305,10.00306879
2014,4,Utah,3.8,2.6,13.2,20.2,31.3,36,21.3,7.5,,,,226.9,1393,1.6,4.5,5.4,10.7,24.4,19.8,20.5,13.2,79.053,1488,85,14.5,9.4,5.1,0.5,2936879,39239,4911,1.68342926
2014,1,Vermont,3.6,5.6,12.7,20.5,31.6,38.8,20.7,5.4,,,,221.9,1504,1.8,6.4,6.2,12.8,21.7,19.1,20.4,11.7,76.364,3920,81.5,17.8,15.5,2.4,0.7,625214,-996,-1433,-2.290191014
2014,3,Virginia,3.5,5.5,10.2,14,22.2,29.7,25.3,19.2,,,,272.6,1664,1.6,5.1,4.7,9.1,17.2,15.6,22.3,24.4,94.243,2209,81,18.3,14,4.3,0.8,8310993,58566,18287,2.208118855
2014,4,Washington,3.1,3.3,8.5,13.9,27.3,25.7,27.3,16.6,,,,276.2,1673,1.9,4.9,5.1,9.3,19,17,22.8,20,88.146,2867,83.2,16.1,12.1,4,0.6,7054655,90670,54672,7.799900704
2014,3,West Virginia,9.7,27.4,23.2,16,15.2,66.6,6.9,1.5,,,,127.2,945,3.1,9,8.4,15,23.1,16.8,16.3,8.3,65.023,737,89,10.7,8.5,2.1,0.4,1849489,-4425,-3296,-1.779984517
2014,2,Wisconsin,4,13.9,22.1,21.6,22.7,57.6,12.3,3.4,,,,169.7,1373,1.7,5.7,6.1,11.9,22.4,19.2,21,12,77.336,3323,81.5,17.8,13.6,4.2,0.7,5751525,14771,-2421,-0.421473051
2014,4,Wyoming,4.9,5.9,13.4,21.9,30.2,41.2,17.1,6.6,,,,211.9,1311,1.3,6,5,10.7,18.4,19.7,26.6,12.2,83.899,1277,89,10.3,7,3.3,0.7,582531,409,-2805,-4.816885373
2014,X,Puerto Rico,2.7,19.3,33.9,21.8,14.3,75,5.5,2.6,,,,140.2,883,9.2,22.6,14.7,17.8,18.6,6.6,6.7,3.7,37.469,723,96.7,3.1,0.9,2.1,0.2,3534874,-58203,-65089,-18.26303239
2015,3,Alabama,6.5,21.6,,,,57.3,10.7,3.9,2.5,0.8,0.6,151.8,1124,2.8,8.8,7.5,12.8,21.8,16.3,18.1,11.8,70.359,,87.9,11.8,8.4,3.3,0.4,4852347,10548,3036,0.626357391
2015,4,Alaska,1.5,2.3,,,,54.6,33,8.5,6.7,1.4,0.4,276.1,1817,1.2,2.9,3.2,8.7,16.4,16.7,25.7,25.1,100.776,,91.1,8.6,7.1,1.5,0.4,737498,1215,-5893,-7.997117618
2015,4,Arizona,2.7,9.1,,,,60,19.2,8.9,5.7,1.7,1.5,211.6,1319,3.1,7.3,7,12.2,20.6,16.1,18.6,15,74.562,,87.7,11.8,8.8,3,0.5,6829676,99263,65072,9.597577125
2015,3,Arkansas,7.7,23.9,,,,57.1,7.9,3.4,2.1,0.7,0.6,135.9,1029,3,9.5,9.3,14.3,21.7,15.5,16.5,10.2,65.687,,93.5,6.4,4,2.4,0.2,2978048,10656,3197,1.075446056
2015,4,California,1.1,1.7,,,,22.2,30.5,44.6,22,10.7,11.9,462,2123,2,5.1,4.6,8.2,15.4,14.5,22.2,28,100.223,,83.6,15.7,12,3.6,0.8,38918045,321073,76932,1.984957315
2015,4,Colorado,1.9,3.2,,,,47.4,31.7,15.9,10.5,3,2.4,291,1558,1.7,5,4.7,9.9,17.7,17,23,21,90.424,,83.8,15.6,10.7,4.9,0.6,5450623,100522,69676,12.90209805
2015,1,Connecticut,1.3,3,,,,52.1,26.6,17,9.1,3.3,4.6,275.8,2020,1.5,3.8,3.6,7.7,14.3,15.4,24.2,29.5,105.39,,79.5,20,16.1,3.8,0.6,3587122,-7402,-13488,-3.756241953
2015,3,Delaware,1.8,3.5,,,,60.4,27.8,6.4,4.1,1.1,1.2,247.8,1506,1.7,6.7,5.5,10.3,18.7,18.5,20.7,18,85.274,,83.7,15.6,12.5,3.1,0.6,941252,8765,6290,6.71384862
2015,3,District of Columbia,1.2,0.5,,,,16.7,24.1,57.5,24.7,17.1,15.7,575.2,2312,1.4,4,3.4,5.3,9.7,11,19.6,45.6,136.438,,82.3,17.1,12.9,4.2,0.6,675400,13072,8225,12.29696919
2015,3,Florida,3.5,13,,,,57.3,17.5,8.6,5.1,1.6,1.9,195.3,1394,3.1,8.5,7.7,13,20.2,15.9,17.4,14.2,71.338,,86.1,13.4,10.5,2.9,0.6,20209042,363131,330283,16.49149357
2015,3,Georgia,4.3,16.1,,,,58.1,14.4,7,4.8,1.2,1,170.1,1299,2.7,7.2,6.8,11.7,20.2,15.5,19.8,16.1,76.644,,86.4,13.2,9,4.2,0.4,10178447,111169,57895,5.719232085
2015,4,Hawaii,0.9,0.7,,,,12.6,26.2,59.6,31.6,15.8,12.2,575.8,2248,1.8,3.2,3.6,6.9,14.4,16.7,26.4,27,105.395,,79,20.3,17.1,3.2,0.7,1422052,7514,450,0.317282371
2015,4,Idaho,2.6,8.5,,,,69.5,14.9,4.5,2.8,1.2,0.5,183.6,1170,3.8,8.9,8.6,13.5,21.6,16.2,18.9,8.5,66.398,,85.5,13.7,10.1,3.5,0.8,1651059,19947,9761,5.947892416
2015,2,Illinois,3.7,14.3,,,,55.5,17.3,9,5.5,1.8,1.7,193.7,1588,1.8,5.5,5.4,9.9,18.4,16.4,22.1,20.5,87.377,,84.3,15.1,12.1,3,0.5,12858913,-25580,-77601,-6.028805979
2015,2,Indiana,5.2,25,,,,58.8,8.1,2.8,1.8,0.5,0.5,137.9,1089,1.7,7,7.4,13.6,22.2,18,19,11,72.158,,86,13.6,10.6,3,0.4,6608422,14778,-6171,-0.934853681
2015,2,Iowa,5.9,22.6,,,,60.1,8.6,2.8,1.9,0.5,0.4,145.8,1170,1.4,5.3,6.1,11.8,22.7,19.8,21.3,11.6,77.515,,85.1,14.4,10.5,3.9,0.5,3120960,11610,1767,0.567226992
2015,2,Kansas,6.7,20.3,,,,58.7,10.7,3.7,2.4,0.7,0.6,155.4,1279,1.3,5.5,5.7,11.7,21.4,17.9,22.7,13.8,80.273,,88.7,10.8,8,2.8,0.5,2909011,8536,-3838,-1.321287288
2015,3,Kentucky,6.5,22.2,,,,59.6,8.7,3,1.9,0.6,0.5,143.1,1089,3,8.4,7.9,13,22,17.4,17.5,10.7,69.722,,85.4,14.2,11.5,2.6,0.4,4425976,11627,2142,0.484597569
2015,3,Louisiana,5.6,14.3,,,,63.9,11.6,4.6,3,0.9,0.7,172.6,1219,2.7,8.1,6.7,11.1,19.2,16.6,21,14.6,77.49,,90.6,9,6.4,2.5,0.4,4664628,20615,242,0.0519947
2015,1,Maine,3.1,12.1,,,,64.7,14.8,5.2,3.7,0.9,0.6,190.9,1340,1.7,7.6,6.4,12.3,23.6,17.9,19,11.5,72.773,,82.2,17.3,15.1,2.2,0.5,1328262,-2251,-630,-0.473902455
2015,3,Maryland,1.2,3.1,,,,44.1,32.4,19,12.7,3.6,2.7,307.3,1909,1.8,3.7,4,7.1,15.1,14.7,24.3,29.2,105.362,,81.3,17.8,14,3.8,0.9,5985562,28279,1645,0.275478749
2015,1,Massachusetts,1,1.3,,,,35.2,37.1,25.4,15.8,5.4,4.2,355.1,2048,1.5,4.1,3.6,6.8,14.7,15.1,24.6,29.6,106.387,,80.4,19.1,16.1,2.9,0.6,6794228,31632,17709,2.612558812
2015,2,Michigan,7.8,20.7,,,,57.3,10.5,3.8,2.6,0.6,0.6,151,1220,2.4,7,7,12.3,21.1,17.2,19.5,13.5,75.257,,84.9,14.8,12,2.8,0.4,9931715,1867,-15172,-1.52777503
2015,2,Minnesota,2.7,7.8,,,,64.3,18.8,6.5,4.3,1.2,1,209.3,1459,1.2,4.4,4.8,9.7,19.3,18.3,23.6,18.7,88.707,,82.1,17.2,12.6,4.7,0.7,5482032,30953,4535,0.829590041
2015,3,Mississippi,9.7,25.4,,,,55.6,7.4,1.9,1.2,0.4,0.3,134.8,1083,4.3,11,8.7,13.2,20.6,16.4,17.2,8.6,65.185,,91.1,8.7,6.5,2.2,0.2,2988471,-1997,-9109,-3.047028913
2015,2,Missouri,5.5,19.3,,,,60.7,10.5,4,2.6,0.8,0.6,155.6,1200,1.9,6.8,7.1,12.8,20.9,17.4,20.2,13.1,75.652,,88.3,11.4,8.6,2.9,0.3,6071732,15530,744,0.122691961
2015,4,Montana,3.1,6.5,,,,62.7,19.5,8.3,5.1,1.6,1.6,226,1316,2.4,7.4,7.4,11.5,23.2,17.2,20.3,10.5,72.042,,88.5,11,7.9,3,0.6,1030475,8606,5659,5.514670055
2015,2,Nebraska,4.5,18.2,,,,65.2,9.3,2.8,1.8,0.5,0.5,149.8,1269,1.8,5.5,5,11.2,21.3,18.4,23,13.9,81.394,,87.7,11.8,8.3,3.5,0.5,1891277,11956,1748,0.927173886
2015,4,Nevada,2,6.2,,,,61.6,22.7,7.5,4.5,1.5,1.5,230,1396,2.3,6,6,12.8,21.3,17.7,19.8,14.1,76.75,,88,11.6,8.1,3.5,0.4,2866939,49311,35254,12.40340733
2015,1,New Hampshire,1.7,3.4,,,,60.5,27,7.3,5.3,1.3,0.7,252.1,1828,1.4,3.6,3.8,8,16.1,17.4,26.3,23.3,99.351,,82.5,17,14.4,2.7,0.5,1336350,3009,2752,2.061661818
2015,1,New Jersey,1.1,2.5,,,,40.2,34.1,22.1,14,4.7,3.4,329.1,2349,1.6,3.8,3.6,6.9,13.8,13.9,24.3,32.1,110.359,,82.2,17.2,14.6,2.6,0.5,8867949,3424,-27315,-3.080788389
2015,4,New Mexico,5.3,10.3,,,,64.2,13.8,6.4,4,1.3,1.1,180.2,1214,3.8,9.3,8.8,12.1,20,16.4,17.7,11.9,69.516,,90.6,9.1,6,3.1,0.3,2089291,-277,-8695,-4.16142301
2015,1,New York,2.4,9.9,,,,36.1,26.2,25.5,14.4,5.4,5.7,311.7,2009,1.8,4.8,4.4,8.3,16.4,15.5,23.3,25.5,97.596,,83.9,15.5,13.4,2.1,0.7,19654666,3617,-82040,-4.174456564
2015,3,North Carolina,3.4,14.8,,,,61,14.3,6.5,4.1,1.2,1.2,172.9,1234,2.5,7.4,7.9,12.8,20.6,16.4,18.7,13.8,73.118,,84,15.5,12.9,2.6,0.5,10031646,98759,66008,6.612526324
2015,2,North Dakota,4.3,9.3,,,,63.1,20,3.3,2.4,0.4,0.5,207.7,1297,0.9,4.7,3.6,9.3,18.5,17.6,26.2,19.3,93.014,,88.5,10.8,8.1,2.7,0.7,754066,16665,11421,15.31512263
2015,2,Ohio,5.3,23.4,,,,59,9.4,2.9,1.9,0.6,0.4,145.7,1228,1.8,6.5,6.6,12.1,21.1,17.5,20.9,13.5,77.045,,82.5,17.1,13.7,3.4,0.5,11617527,14827,-5808,-0.500253507
2015,3,Oklahoma,6.9,23.2,,,,58.3,8.7,3,1.8,0.5,0.7,141.5,1159,2.6,7.7,6.7,12.7,21.8,17.3,18.6,12.5,72.346,,93.1,6.5,3.9,2.7,0.4,3909500,31313,17574,4.513278461
2015,4,Oregon,2.1,2.8,,,,52.2,29.9,13.1,9.1,2.5,1.5,274.9,1534,2,5.7,6.4,10.6,20.7,17.6,21.2,15.8,80.882,,84.7,14.7,11.1,3.6,0.6,4015792,52548,41961,10.51781193
2015,1,Pennsylvania,3.9,14.6,,,,58.3,16.7,6.6,4.3,1.3,1,185.1,1414,1.9,5.8,5.6,10.5,20,17.8,21.5,16.9,82.411,,82.1,17.3,14.6,2.7,0.6,12784826,-3487,-11862,-0.927692138
2015,1,Rhode Island,1.5,2.2,,,,62.5,24.6,9.1,6,1.7,1.4,240.2,1730,1.6,4.5,5,9.6,16.2,17.8,24.1,21.2,91.787,,81.5,17.9,14.8,3.1,0.6,1056065,129,-620,-0.587120934
2015,3,South Carolina,5.3,16.7,,,,59.3,12.3,6.5,4,1.5,1,162.9,1168,3.1,8.3,7.6,13.2,21.6,17.2,17.9,11.1,70.285,,88.1,11.5,8.9,2.6,0.4,4891938,68321,56354,11.60077834
2015,2,South Dakota,5.8,13.6,,,,63.4,13.5,3.5,2.2,0.7,0.6,169,1225,1.3,4.9,6.2,11.6,22.7,21.3,20.7,11.3,77.884,,88.8,10.7,8.3,2.5,0.5,853988,4859,387,0.45446085
2015,3,Tennessee,4.4,18.8,,,,59,12.6,5.2,3.3,1,0.9,159.7,1167,2.6,8.2,7.6,13.7,21.9,16.1,17.8,12.1,70.221,,88.7,11,8.2,2.7,0.4,6591170,49947,34080,5.19021933
2015,3,Texas,4.3,16.1,,,,58.8,14,6.8,4.2,1.3,1.3,169.3,1453,1.9,5.9,5.7,9.9,18.4,15.7,22.1,20.4,87.121,,93.9,5.9,3.7,2.2,0.2,27470056,505723,289708,10.64430061
2015,4,Utah,1.8,2.5,,,,64.2,23.8,7.7,5.2,1.6,0.9,237.7,1408,1.5,4.1,4.9,10.8,22.1,19.5,22.2,14.9,82.235,,85.5,13.9,9.4,4.6,0.6,2981835,44956,11419,3.858608475
2015,1,Vermont,2.5,5.9,,,,62.6,21.9,7,4.6,1.3,1.1,230.6,1530,1.6,7.6,5.5,10.6,21,18.5,22.1,13.1,80.377,,81.9,17.7,15.8,1.8,0.4,625216,2,-18,-0.028790096
2015,3,Virginia,1.8,5.5,,,,47,25.9,19.9,12.6,4.6,2.7,280,1692,1.9,4.9,4.6,8.7,17.2,15.2,22.2,25.3,95.441,,82.3,17.1,13.4,3.7,0.6,8361808,50815,12684,1.521519989
2015,4,Washington,1.7,2.6,,,,47.4,28.8,19.4,12.4,4.3,2.7,293.3,1704,1.8,4.1,4.7,9.1,18.1,17.5,23.2,21.5,91.864,,84.5,15.1,11.4,3.6,0.5,7163657,109002,73996,10.4085492
2015,3,West Virginia,8.2,26.1,,,,55.9,7.6,2.2,1.6,0.4,0.2,134.8,972,2.7,8.8,7.7,14.7,22,17.4,17.5,9.2,67.771,,89.5,10.3,8.7,1.7,0.2,1842050,-7439,-4710,-2.551781249
2015,2,Wisconsin,2.8,13.8,,,,66.5,13,4,2.7,0.6,0.7,173.7,1359,1.5,5.1,5.8,10.7,22.3,19.8,22.1,12.8,80.52,,81.9,17.5,13.6,3.8,0.7,5760940,9415,-6152,-1.068754606
2015,4,Wyoming,3.4,5.1,,,,67,18.3,6.2,3.7,1,1.5,225,1364,1.7,5.6,5,9,20.4,17.7,28.7,11.8,85.149,,90.8,8.9,5.5,3.4,0.3,585613,3082,121,0.20716624
2015,X,Puerto Rico,1.7,19.8,,,,72.4,4.4,1.8,0.9,0.5,0.4,137.8,864,8.5,23,13.8,17.5,18.3,8.9,6,4,38.822,,97.4,2.4,0.6,1.9,0.2,3473232,-61642,-64757,-18.48059947
2016,3,Alabama,6.6,19.7,,,,58.8,11,3.9,2.4,0.9,0.6,153.9,1126,3.1,8.8,7.5,11.9,19.8,17.5,18.3,13.1,73.126,,88.7,10.8,8,2.8,0.4,4863525,11178,3620,0.745172435
2016,4,Alaska,2,2.4,,,,49.7,36,9.8,7.7,1.5,0.6,286.6,1851,1.6,2.8,3.1,6.6,16.3,14.5,29.2,25.9,106.84,,91.5,8,5.3,2.7,0.5,741456,3958,-2882,-3.897349072
2016,4,Arizona,2.6,7.4,,,,60,21.2,8.8,5.6,1.8,1.4,222.9,1328,2.9,7,6.5,11.7,20.1,16.4,19.2,16.1,77.219,,88.7,10.9,8.2,2.7,0.3,6941072,111396,82382,11.96478216
2016,3,Arkansas,7.3,23.3,,,,57.8,8.6,3,1.8,0.7,0.5,139.7,1017,2.4,8.1,8,14,22.2,16.1,17.9,11.2,69.016,,92.8,6.7,4.6,2.1,0.4,2989918,11870,4435,1.486268521
2016,4,California,1.1,1.4,,,,19.4,29.4,48.8,23.1,12,13.7,491.1,2188,2,4.7,4.2,7.8,14.8,14.1,21.8,30.6,103.266,,84.2,15.2,12,3.1,0.7,39167117,249072,19523,0.500043786
2016,4,Colorado,1.6,2.4,,,,41.1,35.5,19.4,13.1,3.7,2.6,322.1,1597,1.7,4.8,5,9.1,17.9,16.8,22.3,22.5,91.592,,85.2,14.4,10.7,3.7,0.4,5539215,88592,58435,10.63436968
2016,1,Connecticut,1.3,2.4,,,,50.8,28.5,17,8.9,3.4,4.7,281.8,1997,1.3,3.1,3.4,6.7,14.3,15,24.9,31.2,109.821,,80.8,18.5,15.2,3.3,0.7,3578141,-8981,-14824,-4.137740652
2016,3,Delaware,1.3,3.4,,,,61.7,26.9,6.7,4.4,1.5,0.8,246.5,1463,2.9,4.9,5.4,9.8,19.2,16.6,23.5,17.5,85.415,,85.2,14.1,11.4,2.7,0.8,948921,7669,5087,5.382576092
2016,3,District of Columbia,0.8,0.9,,,,13.8,24.2,60.4,25.2,18,17.2,602.7,2422,2.7,3.9,2.5,4.3,9,9.9,20.1,47.6,143.414,,84.3,15.1,11.2,3.9,0.6,685815,10415,5508,8.092770062
2016,3,Florida,3.4,10.6,,,,57.2,19.4,9.3,5.5,1.8,2,213.8,1410,2.9,8.1,7.3,12.5,19.8,15.8,18.3,15.3,74.005,,87.2,12.3,9.7,2.6,0.5,20613477,404435,372675,18.25830493
2016,3,Georgia,5,13.7,,,,58,15.6,7.9,5.1,1.6,1.2,179.6,1336,2.8,6.3,5.8,10.8,19.8,16.1,20.4,18,81.035,,87.6,11.9,8.6,3.3,0.5,10301890,123443,72782,7.107500233
2016,4,Hawaii,0.9,0.5,,,,12.5,24.7,61.4,30.6,18,12.8,592.7,2239,1.9,3.8,3.8,6.4,14.5,16,24.1,29.6,106.629,,79.7,19.4,16.7,2.7,1,1427559,5507,-1857,-1.303335789
2016,4,Idaho,2,7.1,,,,67.4,17.8,5.7,3.7,1.1,0.9,196.8,1168,3,7,7.2,12.6,23.4,17.3,18.7,10.8,70.991,,87.1,12.4,8.7,3.8,0.4,1682380,31321,21910,13.14558329
2016,2,Illinois,3.6,13.6,,,,55,18.3,9.5,5.7,2.1,1.7,200,1588,2.2,5.4,5.1,9.7,17,16.5,22.4,21.8,90.533,,86.1,13.5,11,2.5,0.4,12820527,-38386,-88670,-6.905913836
2016,2,Indiana,5,23,,,,60.1,8.8,3,2.1,0.5,0.4,142.9,1070,2,6.4,6.6,12.5,22.1,18.2,19.5,12.6,75.39,,86.1,13.5,10.8,2.6,0.4,6634304,25882,4600,0.694721011
2016,2,Iowa,4.9,21.3,,,,59.9,10.8,3,2,0.7,0.3,152.2,1186,1.7,5.1,6,11.4,20.8,19.7,22,13.4,81.234,,85.8,13.7,10.3,3.5,0.5,3131371,10411,166,0.053100196
2016,2,Kansas,6.6,20.1,,,,57.5,11.2,4.6,3.1,1,0.5,158.7,1264,1.9,5.2,5.9,11.1,20.9,17.7,22.1,15.2,81.296,,89.7,10,7.7,2.4,0.2,2910844,1833,-10521,-3.615553996
2016,3,Kentucky,6,19.9,,,,60.9,9.7,3.6,2.3,0.7,0.6,149.1,1111,2.7,8.1,7,12.6,20.9,17.3,19.4,12.1,73.377,,85.7,13.9,11.3,2.6,0.5,4438182,12206,3343,0.754273559
2016,3,Louisiana,5.6,13.2,,,,63,13,5.2,3.3,0.9,1,173.2,1214,2.8,8.1,6.8,11,19.3,15.8,20.4,15.7,77.908,,91.1,8.5,6.3,2.2,0.4,4678135,13507,-6727,-1.440045092
2016,1,Maine,3.2,10.8,,,,63.7,16.6,5.7,4,0.8,0.9,199.2,1328,2.1,7.1,6.5,11.2,21.3,17.9,21.1,12.7,77.452,,83.4,16.2,13.8,2.5,0.4,1331317,3055,4626,3.478746072
2016,3,Maryland,1.6,3.1,,,,42.1,33.3,19.9,13,4.1,2.8,315.6,1918,1.6,3.9,3.5,6.7,14.8,14.7,24,30.8,108.107,,82.3,17.2,13.8,3.3,0.5,6003323,17761,-8296,-1.383948549
2016,1,Massachusetts,0.9,1.1,,,,31.9,37.4,28.7,17.9,5.9,4.9,373.3,2069,1.4,3.2,3.3,6.4,13.4,14.4,24.8,33,113.106,,79.7,19.8,16.8,3,0.5,6823608,29380,14092,2.069638671
2016,2,Michigan,6.9,18.5,,,,57.7,12.6,4.2,2.8,0.8,0.6,159.7,1215,2.2,6.4,6.9,11.6,20.5,16.7,20.8,14.9,78.235,,85.8,13.8,11.3,2.5,0.4,9950571,18856,573,0.057639247
2016,2,Minnesota,2.6,6.9,,,,62.2,20.9,7.5,5.1,1.4,1,221.7,1472,1.4,4.4,4.6,9.1,18.2,17.6,24.2,20.5,91.862,,83.3,16.3,12.2,4,0.4,5522744,40712,13722,2.493826317
2016,3,Mississippi,9,24.9,,,,55.8,7.7,2.7,1.6,0.5,0.6,137.3,1087,3.9,9.5,8.3,12.3,20.3,17.2,17.4,11,68.744,,91.7,8.1,5.6,2.5,0.2,2987938,-533,-7182,-2.403449965
2016,2,Missouri,5.1,17.3,,,,61.7,11.5,4.5,3,0.9,0.6,161.7,1210,2.1,5.9,6.7,12.5,20.8,17.7,20.2,14.2,77.479,,88.5,11.3,8.3,2.9,0.3,6087135,15403,-205,-0.033720247
2016,4,Montana,3.6,6.3,,,,58.8,22.4,8.8,6.1,1.2,1.5,233.3,1327,1.8,6.6,7.5,12.8,23.1,17.3,18.6,12.3,72.303,,89.3,10.4,7.7,2.7,0.4,1040859,10384,7845,7.574828589
2016,2,Nebraska,3.8,15.9,,,,65.5,11.6,3.2,2.2,0.6,0.4,158,1290,1.2,4.4,5.4,10.7,20.3,17.9,24,16,85.963,,88.4,11.1,8.1,3,0.5,1905616,14339,3908,2.058525221
2016,4,Nevada,1.8,4.6,,,,59.1,25.9,8.7,5.6,1.6,1.5,246.7,1401,2.6,5.6,6.6,11.3,21.1,17.3,20.8,14.7,78.642,,89.4,10.1,7.4,2.7,0.5,2917563,50624,37516,12.9712117
2016,1,New Hampshire,2.2,2.9,,,,58.7,28.1,8.2,5.9,1.2,1.1,259.6,1821,1.1,3.3,3.9,6.6,17.6,17.8,24.6,25.2,99.597,,83.4,16.3,13.8,2.5,0.4,1342307,5957,5489,4.098322406
2016,1,New Jersey,1.2,2.2,,,,38.8,34.4,23.3,14.9,5,3.4,335.7,2343,1.6,4,3.3,6.3,12.8,13.6,24,34.5,115.384,,83.3,16.1,14,2.1,0.6,8870827,2878,-28928,-3.261555363
2016,4,New Mexico,4.2,11.2,,,,65.2,14.3,5.1,3.1,1.5,0.5,179.8,1210,3.9,10,6.5,13.2,20.4,16,17.9,12.1,68.849,,90.7,9,5.4,3.7,0.3,2091630,2339,-4728,-2.261702625
2016,1,New York,2.3,9,,,,35.6,26,27,14.5,5.6,6.9,321.8,2020,1.8,4.3,4.5,7.6,15.3,15.1,23.6,27.8,101.607,,83.9,15.6,13.7,1.9,0.5,19633428,-21238,-105667,-5.379085073
2016,3,North Carolina,3.2,14.1,,,,60.1,15.8,6.7,4.2,1.5,1,179.1,1225,2.4,7.4,6.9,11.9,20.3,17,18.7,15.2,76.171,,84.4,15.1,12.4,2.7,0.5,10154788,123142,91339,9.049542876
2016,2,North Dakota,4.6,10.3,,,,62.3,17.9,4.8,3,1,0.8,207,1318,1,3.8,4.2,9.3,18.6,19.1,28.1,16,90.238,,88.4,10.5,8,2.5,1.1,754434,368,-4866,-6.45144183
2016,2,Ohio,4.9,22.2,,,,59.9,9.7,3.3,2.2,0.6,0.5,149.4,1211,2,6.3,5.9,11.7,21.1,17.4,21.2,14.5,78.868,,83.6,16,13.2,2.7,0.5,11634370,16843,-3903,-0.335714544
2016,3,Oklahoma,6.3,21.3,,,,59.7,9,3.6,2.4,0.6,0.6,148.9,1168,2.6,7.1,6.8,11.9,20.8,17.4,19.8,13.6,76.096,,93.3,6.4,3.9,2.5,0.2,3926331,16831,3339,0.852238901
2016,4,Oregon,1.9,2.6,,,,45.3,33.4,16.9,11.8,3.3,1.8,301.2,1572,1.6,5.6,5.4,9.9,19.8,16.7,22.8,18.3,85.793,,85.5,14.1,11.2,2.9,0.4,4089976,74184,63721,15.72238436
2016,1,Pennsylvania,3.7,13.6,,,,57.9,17.6,7.2,5,1.2,1,191.7,1416,1.9,5.5,5.6,9.8,19.4,16.8,22.4,18.5,86.032,,82.7,16.8,14.5,2.3,0.6,12782275,-2551,-12447,-0.973673159
2016,1,Rhode Island,1.6,2.3,,,,59.8,26.2,10.2,6.6,2.6,1,246.4,1740,1.4,4.5,4.9,8.9,16.9,16.3,26.6,20.5,94.233,,81.5,17.7,14.6,3.1,0.9,1056770,705,-338,-0.319949262
2016,3,South Carolina,4.9,15.3,,,,59.4,13.3,7.1,4.6,1.3,1.2,170.5,1182,2.7,7.4,7.3,13,20.9,16.8,19,12.9,72.908,,88.4,11.3,9,2.3,0.3,4957968,66030,55364,11.2415286
2016,2,South Dakota,5.9,12.8,,,,63.5,13.2,4.6,3,0.9,0.7,171,1239,1.1,5.1,5.6,11,21.3,23,21.5,11.4,81.363,,89.2,10.5,8,2.5,0.3,862996,9008,4474,5.211463823
2016,3,Tennessee,4.6,16.7,,,,59.6,13.1,6,3.9,1.3,0.8,166.7,1172,2.4,7.5,7.9,12.5,21.6,16.4,18.6,13,72.255,,89.1,10.5,7.8,2.7,0.4,6646010,54840,40190,6.072290322
2016,3,Texas,4.1,14.6,,,,57.6,16.2,7.5,4.6,1.4,1.5,183.3,1469,2,5.5,5.6,9.5,17.9,15.4,22.2,21.7,90.109,,94.4,5.4,3.4,2,0.2,27914410,444354,231776,8.369711464
2016,4,Utah,1.5,1.9,,,,59.6,27.4,9.6,6.6,1.8,1.2,253.2,1437,1.4,3.6,4.6,9.9,22.1,18.8,23.4,16.2,85.961,,85.6,14,9.8,4.1,0.4,3041868,60033,27156,9.016380788
2016,1,Vermont,2.1,5.5,,,,63.8,21.4,7.2,4.7,1.6,0.9,228.8,1507,1.7,6.2,6.3,10.2,20.3,17.9,22.5,14.9,81.958,,82.4,17.2,15.5,1.6,0.4,623657,-1559,-1566,-2.507861088
2016,3,Virginia,1.8,5,,,,46.2,25.9,21.1,13.2,4.9,3,285.8,1692,1.7,4.6,4.8,8.6,16.1,14.9,22.2,27.2,98.918,,82.8,16.6,13,3.5,0.6,8410106,48298,10683,1.273915428
2016,4,Washington,1.5,2.3,,,,42.2,31.1,22.8,13.7,5.6,3.5,320.1,1727,1.8,4.2,4.4,8.2,17.3,16.3,24.1,23.5,95.645,,84.9,14.6,11.3,3.3,0.5,7294771,131114,95817,13.254138
2016,3,West Virginia,6.9,23.8,,,,58.4,8.7,2.2,1.2,0.6,0.4,144.5,997,2.8,9.1,7.5,13.3,21,17.3,19,10,70.639,,88.8,10.8,8.6,2.2,0.4,1831023,-11027,-7954,-4.330978448
2016,2,Wisconsin,2.7,12.6,,,,66.2,14.3,4.2,2.9,0.8,0.5,179.8,1348,1.6,5.1,5.3,10.7,21.1,18.8,23.1,14.4,82.406,,82.6,16.7,13.1,3.6,0.6,5772628,11688,-3625,-0.628599927
2016,4,Wyoming,3.4,3.9,,,,65.6,19.9,7.2,3.3,1.3,2.6,223.9,1367,1.7,4.7,4.9,11.7,19,18.3,25.1,14.7,85.234,,88.9,10.7,7.4,3.3,0.4,584215,-1398,-4201,-7.182252434
2016,X,Puerto Rico,1.4,21.5,,,,71,4.7,1.4,0.7,0.3,0.4,134.3,846,7.9,22.2,14.3,18.8,18.7,8.3,5.9,3.9,38.01,,97.5,2.3,0.7,1.7,0.2,3406672,-66560,-68278,-19.84853277
2017,3,Alabama,6.4,19.1,,,,58.5,11.6,4.5,3,0.8,0.7,158,1123,2.8,7.8,7.2,11.8,20.8,16.2,20.6,13,74.553,664,89.1,10.7,8,2.7,0.2,4874486,10961,5309,1.0903664
2017,4,Alaska,2.3,1.9,,,,49.9,36.4,9.3,7.4,1.4,0.5,286.9,1844,1.8,3.1,3.8,7.1,14.9,16.4,26.8,26.1,103.942,3411,91.7,7.9,5.7,2.2,0.3,739700,-1756,-8141,-10.99276511
2017,4,Arizona,2.4,5.5,,,,58.1,23.8,10.1,6.7,2,1.4,238.8,1365,2.7,6.5,6.3,11.3,19,16.1,20.7,17.3,80.853,1510,90.5,9.2,7.1,2.2,0.3,7044008,102936,76071,10.87887949
2017,3,Arkansas,7,22.3,,,,59.1,8.7,2.8,1.7,0.7,0.4,142.8,1025,3,8.1,7.3,12.9,21.5,16.9,17.8,12.5,71.081,903,93.6,6.1,4.2,1.9,0.3,3001345,11427,6020,2.009592969
2017,4,California,1,1.1,,,,16.6,28.5,52.9,24.6,13.1,15.2,529,2269,1.9,4.5,3.9,7.2,13.8,13.6,22.6,32.5,108.609,4174,85.8,13.6,10.8,2.8,0.5,39358497,191380,-24732,-0.629909115
2017,4,Colorado,1.4,2.1,,,,32.9,40.2,23.4,15.7,4.6,3.1,357.7,1681,2.1,4.1,4.1,8.7,16.4,16.1,24.4,24.2,97.207,1819,85.8,13.8,10.9,2.8,0.4,5611885,72670,44783,8.032032714
2017,1,Connecticut,1.2,2.7,,,,51.8,27,17.3,9.1,3.5,4.7,277.9,1976,1.4,3.1,3.6,7.1,14.4,14.5,24.3,31.5,109.56,5806,81.3,18,15,3,0.7,3573297,-4844,-9356,-2.616536702
2017,3,Delaware,2,2.1,,,,58.9,28.4,8.6,5.9,1.6,1.1,258.9,1507,3.7,4.6,5.4,9,18.6,15.9,20.8,22.1,87.389,1544,85,14.6,11.8,2.8,0.4,956823,7902,5958,6.25267612
2017,3,District of Columbia,1.5,0.6,,,,11.1,25.5,61.3,25.7,18.4,17.2,609.9,2432,2.1,4.8,2.1,3.2,10.6,10.3,20.1,46.7,138.977,3421,82.9,16.5,14.1,2.3,0.6,694906,9091,4514,6.538612797
2017,3,Florida,3,8.1,,,,56.3,22.4,10.2,6.2,1.9,2.1,232.1,1423,2.9,7.5,6.8,12.1,19.3,15.7,19,16.6,76.655,2040,88.5,11.1,8.7,2.4,0.4,20963613,350136,324642,15.61638874
2017,3,Georgia,3.9,11.6,,,,58.8,17.1,8.6,5.7,1.6,1.3,191.1,1341,2.6,6.5,5.9,10.2,18.6,15.9,20.9,19.5,84.284,1843,88.6,11.1,8.1,3,0.3,10410330,108440,60780,5.868999074
2017,4,Hawaii,0.5,0.4,,,,10.6,22,66.5,32.1,18.6,15.8,628.3,2337,2.2,3.2,3,6.7,13.2,14.7,25.9,31.2,112.506,1761,80.7,18.4,15.9,2.5,0.9,1424393,-3166,-9805,-6.875992303
2017,4,Idaho,2.1,6.2,,,,64.9,21.1,5.6,3.7,1.1,0.8,214.2,1213,2.1,6.4,7.2,13.7,23.8,17.3,18.9,10.5,70.758,1440,88,11.7,8,3.7,0.2,1717715,35335,26525,15.60250522
2017,2,Illinois,3.5,12.8,,,,54.2,19.8,9.6,5.9,2,1.7,208.8,1603,2,4.7,4.7,9.3,17.5,16.3,22.4,23.1,92.291,4692,86.8,12.8,10.4,2.4,0.4,12778828,-41699,-85114,-6.649698791
2017,2,Indiana,4.7,21.8,,,,60.1,10.2,3.3,2.2,0.5,0.6,148,1089,2,6.7,6.5,11.8,21.1,18,20.6,13.5,77.197,1252,87.3,12.3,9.9,2.4,0.4,6658078,23774,6984,1.050827459
2017,2,Iowa,4.9,19.6,,,,59.8,12.5,3.3,2.3,0.6,0.4,157.9,1205,1.5,5,5.2,11,20.8,18.9,23.3,14.3,82.626,2496,86.1,13.4,10,3.3,0.6,3141550,10179,1941,0.618850453
2017,2,Kansas,5.7,19.3,,,,57.3,13.3,4.4,3.1,0.7,0.6,165.3,1314,1.4,4.4,5.3,10.4,20.5,17.5,24,16.4,85.462,2275,89.5,10.1,8.2,2,0.3,2908718,-2126,-12486,-4.291044584
2017,3,Kentucky,5.9,17.4,,,,62.1,10.7,4,2.5,0.9,0.6,155.6,1123,2.7,7.5,6.9,11.5,20.2,17.3,20.6,13.2,76.392,1376,86.6,13,10.7,2.3,0.4,4452268,14086,7852,1.766389778
2017,3,Louisiana,5.1,12.6,,,,63.7,13.3,5.4,3.6,0.9,0.9,179.7,1233,3.1,7.9,7.2,10.6,18.2,16.1,21.2,15.7,79.133,1059,91.5,8.2,6,2.1,0.3,4670560,-7575,-24974,-5.342777789
2017,1,Maine,3.5,9.6,,,,63.9,17.2,5.8,4,1,0.8,201.2,1313,1.6,6.5,7,10.4,20.6,18.8,21.9,13.2,80.029,2712,84.2,15.4,13.8,1.5,0.4,1334612,3295,5443,4.083379565
2017,3,Maryland,1.8,3.1,,,,40.1,34.5,20.5,13.4,4.2,2.9,323.4,1915,1.6,3.8,3.3,6.4,13.7,13.8,24.9,32.4,111.824,3431,84.3,15.2,12.4,2.8,0.5,6023868,20545,-1437,-0.23895854
2017,1,Massachusetts,0.9,0.9,,,,29.5,36.7,32.1,19.6,6.7,5.8,391.5,2108,1.2,3.5,3.2,6,12.5,13.9,24.2,35.4,117.542,4556,81.7,17.9,15.9,2.1,0.4,6859789,36181,23785,3.476475907
2017,2,Michigan,6.1,16.6,,,,58.8,13.9,4.7,3.1,0.9,0.7,168.1,1231,2,6,6.3,11.5,19.6,17.2,21.3,16.2,80.952,2546,87,12.7,10.4,2.3,0.3,9973114,22543,7780,0.780980025
2017,2,Minnesota,2.4,6.3,,,,60.5,22.7,8.1,5.6,1.4,1.1,232.7,1500,1.3,3.7,4.3,8.5,18,17,25,22.3,95.372,2537,84.4,15.1,11.2,3.9,0.5,5566230,43486,18135,3.270816579
2017,3,Mississippi,8.6,23.4,,,,56.7,8.8,2.5,1.7,0.5,0.3,143.4,1090,3.6,9.3,7.3,12.7,21,17.6,17.8,10.7,70.491,1154,91.6,8,6.1,1.8,0.4,2988510,572,-4998,-1.672565377
2017,2,Missouri,4.8,16.8,,,,60.8,13.2,4.5,2.8,0.9,0.8,165.6,1207,1.9,6.2,6,11.6,20.5,17.6,21.2,15,79.793,1646,89.5,10.2,8.1,2.1,0.3,6106670,19535,7211,1.182731723
2017,4,Montana,2.9,5.6,,,,57.2,24.9,9.5,6,2,1.5,248.1,1367,2.5,5.9,6.5,10.1,21.4,18.1,22.4,13.1,78.46,2000,88.8,10.8,8.1,2.7,0.5,1052482,11623,9648,9.217800635
2017,2,Nebraska,3.6,15.2,,,,64.9,12.6,3.7,2.4,0.7,0.6,165.8,1334,1.5,4.7,4.6,9.8,20.4,18.6,24.2,16.2,86.212,2844,89.3,10.3,8,2.3,0.4,1915947,10331,1043,0.545849957
2017,4,Nevada,1.5,3.2,,,,56.3,28.6,10.3,7,1.5,1.8,266,1428,1.7,5.8,5.8,11.1,20.6,16.5,21.6,16.8,81.726,1582,91.7,8,6.1,1.9,0.2,2969905,52342,40501,13.75837627
2017,1,New Hampshire,1.6,3.1,,,,56.5,30,8.8,6.3,1.6,0.9,270.2,1874,1.2,3.3,3.6,7,16,15.2,27,26.8,105.01,5807,85.2,14.4,12,2.4,0.4,1348787,6480,6616,4.916959423
2017,1,New Jersey,1.2,2.2,,,,37.9,34.4,24.3,15.7,5.1,3.5,341.3,2348,1.5,3.4,3.3,5.7,12.3,13.5,24.1,36.2,119.221,8250,83.7,15.8,13.7,2.1,0.5,8885525,14698,-12205,-1.374719312
2017,4,New Mexico,3.9,9.1,,,,65.1,15.4,6.5,3.9,1.5,1.1,189.3,1244,4.1,8.4,7.5,12.7,19.8,15.7,18.9,13,71.319,1602,91.3,8.5,4.8,3.6,0.3,2091784,154,-5423,-2.59261933
2017,1,New York,2.3,8.8,,,,34.8,24.9,29.2,15.3,6.5,7.4,331.5,2036,1.8,4.4,3.9,7.6,15.1,14.8,22.7,29.8,103.477,5658,85.4,14.2,12.7,1.5,0.4,19589572,-43856,-120168,-6.127425235
2017,3,North Carolina,3,12.5,,,,59.5,17.1,7.9,5.2,1.5,1.2,190.3,1242,2.2,6.5,6.4,11.3,20,16.4,20,17.1,79.783,1615,85.3,14.2,12.3,2,0.5,10268233,113445,84870,8.311209199
2017,2,North Dakota,4.5,9.1,,,,59.1,21.8,5.6,4.3,0.7,0.6,221.7,1356,1,3.7,3.9,7.5,19.1,19.4,26.6,18.7,92.387,2088,88.6,10.8,8.2,2.6,0.7,754942,508,-4289,-5.683143233
2017,2,Ohio,4.5,20.6,,,,60.3,10.9,3.6,2.4,0.7,0.5,153.5,1214,1.7,5.8,6.1,11,20.1,17.7,21.9,15.6,81.672,2446,84.3,15.3,12.7,2.6,0.3,11659650,25280,10883,0.934402907
2017,3,Oklahoma,6.2,20.1,,,,60.4,9.9,3.5,2.2,0.7,0.6,152.2,1183,2.1,7.2,6.8,11.7,21,17.7,19.9,13.5,76.338,1449,93.5,6.4,4.3,2.1,0.1,3931316,4985,-6105,-1.553900296
2017,4,Oregon,1.6,1.9,,,,39.1,37.6,19.9,14.2,3.3,2.4,332.4,1629,2.1,5.3,4.7,10.2,18.4,17.3,22.1,19.9,87.879,3088,86.9,12.7,10.5,2.3,0.4,4143625,53649,45679,11.09575264
2017,1,Pennsylvania,3.5,12.3,,,,58.3,18.4,7.5,5.2,1.3,1,198.8,1438,1.9,5,5,9.1,18.9,17.4,22.6,20.1,89.17,3181,83.3,16.2,14.1,2.1,0.4,12787641,5366,3640,0.284709578
2017,1,Rhode Island,1.3,1.6,,,,58.4,28.5,10.2,6.9,1.7,1.6,259.5,1782,1.3,5.3,4.3,7.3,17.6,17,25.1,22,95.844,4254,82.6,16.8,13.6,3.1,0.7,1055673,-1097,-1686,-1.596256088
2017,3,South Carolina,4.8,13.6,,,,58.6,15.4,7.5,4.4,1.6,1.5,181.4,1195,2.8,7.4,6.5,11.8,20.1,16.8,19.8,14.7,76.61,1052,89,10.6,8.7,2,0.4,5021268,63300,55019,11.02669583
2017,2,South Dakota,4.6,12.8,,,,64.7,13.7,4.2,2.8,0.8,0.6,185,1283,1.6,4.2,5.8,10.6,21.9,20,23,12.8,82.017,2335,90.5,9.4,7.5,1.9,0.1,872868,9872,5759,6.635312444
2017,3,Tennessee,4,15,,,,58.9,15.1,7,4.4,1.4,1.2,178.4,1184,2.3,7.5,6.9,11.7,21.1,16.4,19.3,14.7,75.616,1263,89.7,9.9,7.7,2.2,0.4,6708799,62789,51251,7.675287606
2017,3,Texas,3.6,12.1,,,,57.7,18.5,8.1,5.1,1.5,1.5,198.5,1513,2,5.2,4.9,8.9,17.3,15.8,23,22.9,92.899,3724,94.8,5.1,3.3,1.7,0.2,28295273,380863,182978,6.51055086
2017,4,Utah,1.5,1.6,,,,53.3,31.7,11.9,8.3,2.2,1.4,279.1,1467,1.3,3.8,4.3,8.9,20.3,18.8,25.1,17.5,89.342,1716,85.1,14.4,10.3,4.1,0.4,3101042,59174,27227,8.864528375
2017,1,Vermont,1.7,5.8,,,,60.9,24.8,6.8,5.4,0.8,0.6,233.2,1527,1.6,6.6,6.5,9.5,19.7,18.5,23,14.5,81.746,4317,81.5,18,15.9,2.1,0.5,624344,687,963,1.543267994
2017,3,Virginia,1.6,4.6,,,,44.4,27.3,22.1,14.1,5.1,2.9,297,1718,1.7,4.2,4.1,7.7,16.1,15.3,22.5,28.4,101.119,2451,84.2,15.3,12.5,2.9,0.5,8463587,53481,20101,2.382525272
2017,4,Washington,1.5,2,,,,36.4,32.6,27.4,15.6,6.6,5.2,352.1,1806,1.6,3.9,3.9,7.8,16.2,16.1,24.6,26,100.562,3309,86.6,12.9,10.4,2.6,0.5,7423362,128591,94679,12.86562637
2017,3,West Virginia,6.6,22.4,,,,58.3,9.8,2.8,2,0.5,0.3,147.9,984,2.6,9,8.1,12.4,21.8,16.4,17.9,11.8,70.452,841,90.2,9.6,7.7,1.9,0.2,1817004,-14019,-9734,-5.336583309
2017,2,Wisconsin,2.4,12,,,,65,15.6,5,3.3,1,0.7,186.1,1358,1.6,5.1,5.2,10.2,19.5,18.6,23.8,16.1,85.681,3351,83.7,15.8,12.9,3,0.5,5790186,17558,4220,0.729926124
2017,4,Wyoming,3.4,4,,,,64.1,20.2,8.2,4.9,1.9,1.4,226.8,1386,1.9,5.1,4.8,9.6,19.9,19.6,26.3,12.9,85.603,1365,89.7,10.2,6.3,3.9,0.2,578931,-5284,-7748,-13.32248918
2017,X,Puerto Rico,1.7,24,,,,68.9,3.9,1.5,0.9,0.2,0.4,130.2,828,8.9,22.8,13.3,17.8,19.9,8.6,5.8,2.9,38.982,644,97.2,2.5,0.5,2,0.4,3325286,-81386,-78188,-23.22890309
2018,4,Alaska,1.3,2.4,,,,49,36.6,10.7,8.2,1.8,0.7,292.6,1895,1.5,4.4,3,5.6,16.1,15.2,27.6,26.6,105.294,3590,92.4,7,4.9,2.1,0.6,735139,-4561,-10220,-13.85913988
2018,1,Maine,3.4,9.1,,,,62.4,18.8,6.2,4.1,1.1,1,208.3,1349,2,5.7,5.5,11.3,20.1,18.4,22.2,14.8,81.392,2714,84.4,15.3,14.1,1.2,0.3,1339057,4445,6642,4.968453462
2018,3,North Carolina,2.9,11.7,,,,58.1,19,8.4,5.4,1.8,1.2,199.6,1284,2.1,6.5,6,11.4,19,16.5,20.6,17.9,81.504,1625,86.3,13.3,11.4,1.9,0.3,10381615,113382,86828,8.409553426
2018,2,Missouri,4.9,15.4,,,,60.7,13.7,5.3,3.5,1,0.8,170.8,1249,1.9,5.5,6.2,11.3,19.5,17.1,21.5,16.9,81.877,1710,89.8,10,8.2,1.9,0.2,6121623,14953,3058,0.500151575
2018,1,Pennsylvania,3.4,11.9,,,,57.6,19.2,7.9,5.5,1.4,1,202,1451,1.9,5.3,4.9,9.3,17.9,16.5,23,21.2,90.755,3189,84.1,15.4,13.5,2,0.4,12800922,13281,10944,0.855382149
2018,2,Michigan,5.3,14.7,,,,59.2,15.4,5.3,3.6,1,0.7,175.4,1270,1.9,5.7,5.9,10.9,19.5,16.9,21.7,17.5,83.258,2574,87.8,11.8,9.8,2,0.3,9984072,10958,-2994,-0.300042301
2018,2,Nebraska,4,12.9,,,,65.1,14.3,3.8,2.5,0.7,0.6,172.5,1353,1.4,4.3,4.6,8.7,19.1,18.1,26.2,17.5,90.685,2903,89.2,10.4,7.6,2.8,0.5,1925614,9667,-54,-0.028113572
2018,4,Oregon,1.5,1.5,,,,33.5,40.7,22.7,16.6,4.1,2,355.8,1690,1.3,5,5,9.3,17.7,16.5,22.4,22.7,91.517,3265,86.7,12.8,10.7,2.1,0.5,4181886,38261,31019,7.451554625
2018,4,Wyoming,2.6,3.7,,,,63.2,21.8,8.8,4.8,2.5,1.5,240.1,1440,1.4,4.7,5,10.1,18.4,19.4,25.6,15.4,88.588,1406,90.8,8.8,5.4,3.4,0.4,577601,-1330,-3311,-5.725738674
2018,4,California,1,1,,,,14.1,27.1,56.8,25.7,13.5,17.6,566.1,2345,2,4.1,3.7,6.6,13.3,13.2,22.1,34.9,113.027,4479,86.6,12.9,10.3,2.6,0.6,39461588,103091,-83981,-2.130954312
2018,3,Mississippi,8.1,21.2,,,,59.8,8.4,2.4,1.6,0.4,0.4,151.2,1132,3.6,8.2,7.2,11.6,21.3,17.6,17.9,12.5,72.006,1225,92,7.6,5.5,2,0.4,2981020,-7490,-12762,-4.275713498
2018,1,Connecticut,1.4,2.7,,,,50.8,28.5,16.5,8.5,3.5,4.5,281.3,2056,1.4,3.4,3,6.3,14.1,13.5,24.2,34.1,114.13,5985,82.9,16.6,12.9,3.7,0.5,3571520,-1777,-5478,-1.53341926
2018,3,Texas,3.4,10.2,,,,56.6,20.4,9.5,6.1,1.8,1.6,216.7,1603,1.9,5,4.9,8.5,16.7,15.2,22.8,25,95.822,4008,94.9,4.9,3.3,1.7,0.2,28628666,333393,155073,5.448428297
2018,4,Idaho,2.2,4.9,,,,58.7,26.8,7.5,4.9,1.5,1.1,243.8,1249,1.9,6.8,5.8,12.3,22.7,16.8,20.3,13.3,75.554,1538,88.8,11,8.2,2.9,0.2,1750536,32821,24142,13.92171443
2018,3,Maryland,1.8,2.5,,,,38.8,35.8,21.1,14.2,3.9,3,331.6,1955,1.4,3.3,3.1,6.6,13,14.1,24,34.5,115.283,3530,84.6,14.9,12.2,2.8,0.5,6035802,11934,-8544,-1.416954195
2018,4,New Mexico,4.1,8.4,,,,65.5,15.5,6.5,4.1,1.4,1,193.3,1234,3.4,8.8,7.7,12.3,19.5,15.9,19.1,13.2,72.549,1561,90.7,9.2,6,3.2,0.1,2092741,957,-3807,-1.81956136
2018,3,Alabama,5.7,18.3,,,,58.9,12.9,4.4,2.8,1.1,0.5,164.2,1164,3,7.7,6.8,10.7,19.3,17.1,20.5,14.9,78.432,692,89.4,10.3,7.8,2.5,0.3,4887681,13195,8658,1.773786496
2018,3,Tennessee,3.6,13.1,,,,58.6,17.2,7.6,4.8,1.6,1.2,192.6,1228,2.3,6.8,6.6,11.2,20.2,17,20.6,15.4,78.713,1319,90.3,9.4,7.9,1.5,0.3,6771631,62832,50847,7.543824641
2018,1,Vermont,1.9,4.4,,,,62.7,23.5,7.6,4.8,1.5,1.3,239,1560,2,5.4,5.2,10,18.8,18.2,25.1,15.3,87.472,4366,84.8,14.6,13.2,1.4,0.6,624358,14,275,0.440457371
2018,4,Nevada,1.8,1.7,,,,46.2,37.5,12.9,9.1,2,1.8,301.1,1528,2.2,5.8,5.5,10.4,18,17.1,22.2,18.9,86.294,1707,91.6,8,5.8,2.2,0.4,3027341,57436,46658,15.55980862
2018,3,West Virginia,6.6,23.3,,,,57.6,10,2.4,1.7,0.4,0.3,147.1,1001,2.7,8.7,8.3,13.4,20.8,14.6,20.1,11.3,70.059,870,90.2,9.4,8.1,1.2,0.4,1804291,-12713,-8119,-4.484031265
2018,3,Oklahoma,5.3,19.2,,,,60.5,10.7,4.3,2.5,0.9,0.9,156,1214,2.1,6.3,6.1,11.1,20,17.8,21.2,15.3,80.386,1470,93.6,6.2,4.1,2,0.2,3940235,8919,-55,-0.013974374
2018,2,Wisconsin,2.4,10.7,,,,64.1,17.5,5.2,3.5,1,0.7,195.9,1387,1.4,4.9,5,9.6,19.3,18.3,24.8,16.7,87.899,3368,83.8,15.7,12.8,2.9,0.5,5807406,17220,4425,0.763089441
2018,X,Puerto Rico,1.9,23.3,,,,69.4,3.7,1.8,1.1,0.3,0.4,130.6,851,8.2,22,13.5,19.3,18.7,8,6.2,4,39.275,718,97.3,2.4,0.6,1.8,0.3,3193354,-131932,-123399,-37.86035124
2018,2,Kansas,5,17.3,,,,57.8,14.9,5.1,3.2,1.2,0.7,173.8,1364,1.4,4.6,5.2,9.9,19.9,18,22.5,18.3,86.395,2395,90.4,9.4,7.3,2,0.2,2911359,2641,-7511,-2.581065508
2018,3,Virginia,1.8,4.6,,,,43.2,28,22.4,14.1,5.3,3,302.7,1752,1.7,4.5,3.7,7.6,15,14.9,22.5,30.2,104.322,2509,85.2,14.5,11.5,3,0.3,8501286,37699,6673,0.786684345
2018,2,North Dakota,4,7.5,,,,61.2,20.3,6.9,4.8,1.7,0.4,226,1425,1.1,2.3,3.4,7.5,18.3,18.9,29.2,19.2,97.677,2325,89.8,9.8,8.1,1.7,0.4,758080,3138,-1295,-1.711805909
2018,1,New Jersey,1.4,1.8,,,,35.7,35,26,16.5,5.6,3.9,352.7,2398,1.4,3.3,3.1,5.6,12.3,12.9,23.6,37.7,121.642,8521,85.6,13.9,12.2,1.8,0.5,8886025,500,-24811,-2.792215648
2018,2,Ohio,4.1,18.7,,,,61.1,12.3,3.7,2.7,0.6,0.4,160.8,1248,1.8,5.6,5.8,10.7,19.3,17.5,22.6,16.8,83.629,2518,85,14.5,12.3,2.3,0.4,11676341,16691,956,0.081933525
2018,3,South Carolina,4.8,12.1,,,,58.3,16.6,8.2,5.4,1.4,1.4,194.1,1225,2.6,7.2,7.1,11.1,20.2,16.5,19.4,16,77.141,1106,89.6,10.1,8.6,1.5,0.3,5084156,62888,56397,11.16172859
2018,3,Georgia,3.4,10.4,,,,57.3,19.6,9.4,6.2,1.8,1.4,208.8,1395,2.7,5.7,5.6,9.5,17.6,15.6,21.6,21.6,88.772,1970,90,9.7,7.3,2.4,0.3,10511131,100801,56844,5.434037327
2018,4,Colorado,1.4,1.8,,,,27.4,41.6,27.7,18.5,5.7,3.5,383.4,1741,1.8,3.8,4.3,7.8,15.6,15.8,24.1,26.9,101.056,1896,86.8,13,10.4,2.5,0.3,5691287,79402,53185,9.410632697
2018,4,Hawaii,0.7,0.9,,,,7.7,22.6,68.1,31.5,20.4,16.2,643.1,2354,2.1,2.4,3.3,7.1,13.1,13.4,26.1,32.5,113.39,1807,79.9,19.4,17.4,2,0.8,1420593,-3800,-8498,-5.974018853
2018,2,South Dakota,4.9,11,,,,63.3,16.3,4.6,3.2,0.8,0.6,188.8,1301,0.8,3.5,5.8,11.2,19.8,23.5,23.1,12.4,83.662,2350,90,9.6,7.9,1.7,0.4,878698,5830,1178,1.345082058
2018,2,Indiana,4.5,20.1,,,,60.9,10.9,3.6,2.5,0.7,0.4,153.8,1118,1.9,6.4,6.4,11.4,20.8,18.3,21.3,13.5,78.796,1273,88,11.7,9.9,1.7,0.4,6695497,37419,19003,2.84612922
2018,3,Kentucky,4.9,17,,,,61.4,12.3,4.3,2.9,0.8,0.6,162.8,1164,2.7,7,7.2,11.6,19.8,16.7,21.1,14,77.34,1418,85.9,13.7,11.1,2.6,0.4,4461153,8885,1121,0.25153081
2018,3,Louisiana,4.4,11.9,,,,63.3,15.2,5.2,3.4,0.9,0.9,184.9,1254,2.7,7.7,6.6,9.8,17.8,16.3,21.9,17.1,81.863,1107,91.7,8,5.7,2.3,0.3,4659690,-10870,-24483,-5.248090887
2018,4,Washington,1.3,1.4,,,,29.8,35.2,32.3,17.2,8.5,6.6,385,1883,1.5,3.6,3.6,7.5,15.2,15.5,24.3,28.8,104.432,3659,87.4,12.2,10,2.2,0.3,7523869,100507,70762,9.468241977
2018,2,Illinois,3.2,11.7,,,,54,20.5,10.7,6.6,2.1,2,219.4,1665,1.8,4.7,4.8,8.4,16.7,15.4,23,25.2,96.714,4900,87.6,12,10,2,0.4,12723071,-55757,-93439,-7.328003299
2018,2,Iowa,4.5,18.9,,,,60.4,13.2,3,2.3,0.4,0.3,160.7,1234,1.5,5.4,5.6,10.2,19.8,19,23.5,15,83.998,2527,86.5,12.9,9.8,3.2,0.6,3148618,7068,-2064,-0.656262281
2018,1,New Hampshire,1.7,2.7,,,,52.4,33.4,10,7,1.7,1.3,278.6,1892,1.3,3.3,4.3,6.6,14.4,16,27.4,26.6,105.339,5841,86.1,13.6,11.9,1.7,0.3,1353465,4678,5076,3.756866495
2018,1,Rhode Island,1.6,1.7,,,,55.2,30.9,10.7,6.5,2.3,1.9,274.2,1830,1.2,4.2,4.7,7.7,16.9,16.1,25.2,24,98.266,4361,84.2,15.4,12.8,2.6,0.5,1058287,2614,1884,1.782436754
2018,3,Arkansas,6.3,21.7,,,,58.1,10.3,3.6,1.9,1,0.7,148.3,1071,2.9,8.2,7.4,12.6,20,15.2,19.9,13.8,73.522,935,93.2,6.7,4.7,2,0.1,3009733,8388,2882,0.958896225
2018,3,Delaware,1.6,2.9,,,,54.6,32.2,8.7,5.4,1.8,1.5,267,1566,2.4,6.2,4.8,8.9,19.4,15.6,22.5,20.3,87.168,1632,87.3,12.4,10.2,2.2,0.3,965479,8656,7335,7.631475179
2018,2,Minnesota,2.2,5.3,,,,58.3,25,9.3,6.5,1.7,1.1,244.8,1559,1.3,3.6,4,8.6,16.2,17.1,25.8,23.5,98.831,2639,85,14.5,11.2,3.3,0.5,5606249,40019,15822,2.832316803
2018,4,Montana,3.1,4.5,,,,52.9,26.8,12.7,8.6,2.3,1.8,262.4,1413,1.8,6.6,5.8,11.6,21.9,17.7,20.2,14.4,77.282,2172,89.7,9.7,7.6,2.1,0.6,1060665,8183,6284,5.94752755
2018,4,Arizona,2.5,4.1,,,,55.8,26.2,11.4,7.4,2.2,1.8,256.6,1417,2.3,5.9,5.5,10.4,19.1,16.3,21.2,19.3,84.628,1591,90.2,9.4,7.6,1.7,0.4,7158024,114016,92050,12.96293376
2018,3,Florida,2.6,6.4,,,,55.1,24.6,11.4,6.8,2.3,2.3,247,1471,2.8,7.3,6.4,11.2,18.5,15.6,19.8,18.4,80.372,2151,89.1,10.5,8.5,2,0.4,21244317,280704,267130,12.65781099
2018,1,Massachusetts,1,0.8,,,,26.7,36.2,35.4,21.5,7.5,6.4,406.9,2207,1.3,3.1,3.1,5.5,13,13,23.6,37.3,121.565,4801,81.5,18.1,15.8,2.3,0.5,6882635,22846,11129,1.619656037
2018,3,District of Columbia,0.8,0.6,,,,8.9,27.1,62.7,24.9,18.4,19.4,627,2506,2.2,2.8,1.9,2.9,9,10.2,20.3,50.6,151.147,3691,84.2,15.6,12.3,3.3,0.2,701547,6641,2431,3.481678223
2018,4,Utah,1.9,1.2,,,,44.5,37.5,14.9,10.4,2.8,1.7,310,1531,1,3.7,4.3,8.1,19.1,18.3,26.2,19.3,93.06,1788,84.7,14.7,11,3.7,0.6,3153550,52508,21841,6.983988724
2018,1,New York,2.2,8,,,,34.6,23.8,31.4,15.9,7.5,8,341.9,2098,1.7,4.2,3.9,6.8,14.3,14.2,23.3,31.6,108.546,5837,85.8,13.8,12.2,1.5,0.4,19530351,-59221,-125303,-6.406096454