Year,Region,NAME,Home Value <$50k (%),Home Value $50k-$90k (%),Home Value $100k-$149k (%),Home Value $150k-$199k (%),Home Value $200k-$299k (%),Home Value $300k-$499k (%),Home Value $500k+ (%),Median Home Value ($)(1000X),Median Housing Cost (monthly) ($),Income <$10k (%),"Income $10k-$24,999 (%)","Income $25k-$34,999 (%)","Income $35k-$49,999 (%)","Income $50k-$74,999 (%)","Income $75k-$99,999 (%)","Income $100k-$149,999 (%)",Income $150k+ (%),Median Income ($)(1000X),Median Real Estate Taxes ($),No 2nd or Equity Loan (%),2nd Mortgage or Equity Loan (%),Equity Loan Only (%),2nd Mortgage Only (%),Both 2nd & Equity Loan (%),Population,Net Population Change,Net Migration,Net Migration Change
2010,3,Alabama,9.1,23.6,20.3,17.8,16.8,8.7,3.7,142.7,1130.0,3.9,10.4,8.7,15.5,21.7,15.6,15.6,8.7,61.964,568.0,82.3,17.2,12.3,4.9,0.6,4785437,5312,2168,
2010,4,Alaska,2.0,2.9,9.6,15.6,35.2,26.5,8.1,255.7,1772.0,1.2,4.0,5.1,8.4,17.8,17.0,27.3,19.1,94.747,3177.0,84.4,14.9,10.4,4.5,0.7,713910,3661,1598,
2010,4,Arizona,4.0,13.4,20.5,19.5,21.4,14.4,6.8,177.0,1442.0,2.8,8.8,8.2,14.1,22.6,16.2,17.2,10.2,66.539,1489.0,77.4,21.8,16.0,5.8,0.8,6407172,14884,5672,
2010,3,Arkansas,12.0,27.0,23.9,16.2,12.2,6.4,2.1,122.6,987.0,2.8,10.9,10.6,16.8,22.8,15.1,14.1,7.1,59.393,703.0,89.3,10.5,6.4,4.1,0.2,2921964,5933,3270,
2010,4,California,1.5,3.4,6.0,8.6,17.4,29.1,34.0,377.7,2242.0,2.1,5.9,5.2,10.0,17.7,15.9,22.1,21.2,88.444,3284.0,72.2,26.3,18.6,7.6,1.6,37319502,64983,-721,
2010,4,Colorado,2.5,4.0,11.3,17.3,29.3,24.0,11.6,243.3,1590.0,2.4,6.6,6.4,11.8,20.1,17.5,20.8,14.3,78.267,1508.0,73.1,26.0,16.0,10.0,0.9,5047349,18030,8433,
2010,1,Connecticut,1.0,1.5,5.7,13.0,30.3,30.4,18.0,294.5,2068.0,1.6,4.0,4.3,8.5,17.7,17.4,23.7,22.8,94.298,4987.0,71.8,27.7,21.6,6.0,0.5,3579114,4967,2572,
2010,3,Delaware,3.1,2.6,7.4,17.7,33.8,28.0,7.4,249.0,1569.0,2.5,6.2,6.1,12.1,21.3,17.4,21.3,12.9,77.71600000000002,1302.0,76.5,22.5,17.7,4.9,1.0,899593,1656,638,
2010,3,District of Columbia,1.2,1.1,1.9,3.1,16.0,35.2,41.5,439.4,2297.0,3.7,4.4,3.8,7.0,13.5,12.0,19.2,36.5,112.294,2640.0,74.2,24.3,18.3,6.0,1.4,605226,3459,2169,
2010,3,Florida,4.4,15.7,19.5,19.5,20.9,13.5,6.5,172.1,1505.0,3.7,10.5,9.1,15.1,21.5,15.2,15.4,9.5,62.096,1979.0,76.4,22.6,17.1,5.5,1.0,18845537,40973,32460,
2010,3,Georgia,5.2,14.4,22.9,20.5,18.8,12.7,5.4,164.9,1390.0,3.1,9.1,8.3,13.2,22.2,15.3,17.1,11.8,67.42399999999999,1654.0,78.9,20.2,13.4,6.8,0.9,9711881,23152,7100,
2010,4,Hawaii,0.5,1.2,1.5,3.9,12.0,29.0,51.9,516.1,2240.0,1.8,4.9,4.4,9.0,19.4,16.9,26.0,17.6,88.85700000000001,1400.0,73.3,24.9,18.8,6.2,1.8,1363963,3656,1627,
2010,4,Idaho,4.2,10.3,23.9,23.0,22.2,11.7,4.7,171.0,1187.0,2.5,9.2,10.3,15.7,26.6,16.8,12.1,6.7,60.953,1280.0,78.1,21.3,14.9,6.4,0.6,1570746,3089,-264,
2010,2,Illinois,4.0,12.3,14.9,17.8,23.6,18.9,8.6,203.9,1655.0,1.9,6.5,6.6,12.0,21.1,17.7,19.9,14.3,77.134,4061.0,76.6,22.7,17.6,5.1,0.7,12840503,8931,-8461,
2010,2,Indiana,6.1,26.3,26.9,17.9,13.9,6.7,2.2,130.7,1090.0,2.1,8.7,9.2,15.8,24.3,17.4,15.3,7.1,63.3,1123.0,79.1,20.3,15.0,5.3,0.6,6490432,6381,-664,
2010,2,Iowa,7.3,24.9,26.2,16.8,15.9,6.7,2.1,133.3,1140.0,1.7,7.4,7.8,14.7,25.1,19.2,16.8,7.3,67.976,1769.0,80.0,19.2,13.5,5.7,0.8,3050745,3874,903,
2010,2,Kansas,8.8,23.3,20.8,19.8,16.7,8.1,2.6,143.1,1239.0,1.9,6.6,7.5,13.9,24.1,18.3,18.2,9.4,70.693,1875.0,82.7,16.7,11.3,5.4,0.5,2858190,5067,1138,
2010,3,Kentucky,9.0,23.2,24.6,17.8,15.7,7.3,2.6,136.1,1072.0,3.3,10.5,9.7,15.1,23.2,16.5,14.8,7.0,61.497,1104.0,79.0,20.2,15.4,4.8,0.9,4348181,8848,5551,
2010,3,Louisiana,8.4,17.5,20.2,21.1,19.8,9.9,3.2,157.7,1163.0,2.6,9.8,7.8,14.0,20.7,17.4,17.6,10.1,68.145,784.0,86.0,13.4,9.2,4.2,0.7,4544532,11045,5308,
2010,1,Maine,3.7,12.3,16.5,22.1,26.7,14.1,4.7,188.5,1289.0,2.3,7.9,8.7,14.7,25.2,17.9,15.9,7.4,65.808,2211.0,77.6,21.6,18.3,3.3,0.8,1327629,-729,-1015,
2010,3,Maryland,1.5,2.5,5.0,10.2,28.4,33.2,19.2,311.0,2016.0,1.4,4.1,4.1,7.7,17.5,16.1,25.1,23.9,98.145,3079.0,72.8,26.0,19.7,6.3,1.2,5788645,14851,7396,
2010,1,Massachusetts,1.1,1.2,3.8,8.7,25.7,39.0,20.5,337.7,2036.0,1.8,4.3,4.0,8.3,17.8,17.1,24.9,21.8,94.695,3624.0,71.3,27.8,22.4,5.4,0.9,6566307,18522,12435,
2010,2,Michigan,9.8,24.6,22.9,18.1,14.9,7.4,2.3,132.0,1288.0,2.7,9.3,8.2,15.2,23.5,16.7,15.9,8.6,64.74,2410.0,74.6,24.5,19.3,5.2,0.9,9877510,-6606,-14053,
2010,2,Minnesota,3.3,7.5,15.5,22.7,28.4,16.7,5.9,202.9,1503.0,1.4,5.5,6.4,12.3,22.5,19.4,20.1,12.4,77.042,2256.0,71.6,27.4,20.1,7.2,1.0,5310828,6901,-1100,
2010,3,Mississippi,14.1,27.4,21.0,16.3,13.3,6.2,1.7,118.7,1043.0,3.8,14.1,10.1,15.5,22.0,15.5,12.9,6.0,56.878,846.0,87.7,11.6,7.5,4.1,0.7,2970548,2418,-478,
2010,2,Missouri,6.8,19.9,23.6,19.6,17.9,8.8,3.4,149.4,1182.0,2.2,9.3,8.4,14.7,23.4,17.0,16.6,8.5,65.911,1418.0,82.2,17.2,12.1,5.1,0.6,5995974,7024,1369,
2010,4,Montana,5.5,10.1,13.6,22.0,25.7,17.1,6.0,196.8,1217.0,2.6,10.6,7.9,15.2,24.8,17.9,14.7,6.3,62.191,1656.0,84.8,14.6,10.7,3.9,0.6,990697,1290,653,
2010,2,Nebraska,7.0,21.4,30.5,17.8,15.5,5.9,1.9,136.0,1218.0,1.6,6.1,8.0,12.7,25.0,19.9,18.6,8.1,71.102,2482.0,81.5,17.7,12.0,5.6,0.9,1829542,3237,403,
2010,4,Nevada,3.7,12.6,19.7,20.8,23.6,14.3,5.3,179.1,1638.0,2.6,7.2,7.5,12.3,23.0,17.2,19.3,10.9,71.865,1783.0,77.1,21.7,13.7,8.0,1.2,2702405,1728,-2144,
2010,1,New Hampshire,1.8,4.0,9.0,15.0,38.8,25.0,6.4,247.6,1853.0,1.4,4.3,4.8,10.5,21.1,19.1,23.2,15.7,84.346,4807.0,72.7,26.5,21.1,5.4,0.8,1316762,300,-354,
2010,1,New Jersey,0.9,1.9,3.9,8.3,23.8,38.7,22.5,346.8,2370.0,1.4,4.5,4.2,7.5,16.2,16.1,24.6,25.4,99.984,6963.0,74.5,24.6,20.5,4.1,0.9,8799446,7468,-1746,
2010,4,New Mexico,6.8,12.5,18.3,20.9,22.7,12.5,6.2,174.3,1202.0,2.9,11.0,9.2,15.2,21.4,15.6,16.1,8.7,62.597,1243.0,85.9,13.4,8.3,5.1,0.7,2064552,5353,2456,
2010,1,New York,2.9,10.8,10.9,9.4,13.8,27.3,24.9,315.1,1963.0,1.7,5.2,5.3,10.0,18.9,16.5,22.3,20.2,87.81200000000003,4399.0,77.3,21.9,18.5,3.4,0.8,19399878,21734,-3777,
2010,3,North Carolina,4.7,15.8,22.2,19.2,19.6,12.7,5.9,165.8,1250.0,2.6,9.0,9.0,14.9,23.1,16.5,15.3,9.5,64.837,1382.0,76.9,22.3,17.5,4.8,0.8,9574323,38572,25284,
2010,2,North Dakota,10.4,18.9,24.5,21.5,18.0,5.2,1.4,142.8,1133.0,0.9,4.7,7.5,12.4,25.9,21.3,20.0,7.3,73.191,2025.0,82.6,16.6,12.8,3.8,0.7,674715,2139,1253,
2010,2,Ohio,5.2,22.9,26.0,19.2,16.7,7.8,2.2,141.7,1246.0,2.2,8.3,8.3,14.5,24.1,17.4,16.6,8.6,66.594,2121.0,73.8,25.3,19.5,5.8,0.9,11539336,2585,-5311,
2010,3,Oklahoma,9.9,26.9,26.2,16.3,12.9,5.8,2.0,123.6,1089.0,2.2,10.1,8.6,15.6,24.5,16.4,15.1,7.5,62.732,1090.0,87.5,11.9,6.5,5.5,0.6,3759944,8362,2760,
2010,4,Oregon,2.7,3.1,8.8,16.5,32.5,25.9,10.5,253.3,1577.0,2.4,7.1,7.5,14.0,23.2,17.5,18.2,10.1,70.418,2509.0,75.0,24.1,16.5,7.6,0.9,3837491,6412,2560,
2010,1,Pennsylvania,5.0,15.7,17.2,17.3,22.7,16.1,6.0,182.1,1390.0,2.2,6.9,7.3,12.6,22.5,17.8,18.7,12.0,72.891,2595.0,75.2,23.9,19.4,4.6,0.9,12711160,8292,3742,
2010,1,Rhode Island,1.6,1.4,6.0,18.2,36.4,26.6,9.9,258.1,1837.0,1.7,4.8,6.2,11.0,22.2,18.7,20.5,14.9,79.813,3815.0,71.0,27.7,22.7,5.1,1.3,1053959,995,493,
2010,3,South Carolina,7.8,18.4,22.3,17.8,17.1,10.7,5.9,153.4,1177.0,2.8,10.3,8.9,14.9,23.3,16.4,15.3,8.0,62.767,867.0,80.3,19.0,14.5,4.5,0.7,4635649,10283,5650,
2010,2,South Dakota,9.4,17.4,24.9,20.7,16.3,8.8,2.6,146.8,1151.0,1.5,5.2,10.2,12.7,27.8,20.0,15.9,6.6,68.243,1927.0,82.8,16.8,12.0,4.8,0.4,816166,1968,856,
2010,3,Tennessee,6.0,20.3,25.1,17.9,16.2,10.3,4.1,147.0,1161.0,2.9,10.0,9.6,15.8,23.6,15.5,14.3,8.4,61.581,1080.0,81.2,18.1,12.4,5.7,0.6,6355311,9035,3830,
2010,3,Texas,5.9,21.4,25.2,18.6,15.8,9.2,3.9,144.7,1402.0,2.2,7.6,7.1,12.2,21.0,16.7,19.4,13.9,74.935,2997.0,89.7,9.9,5.4,4.5,0.4,25241971,95880,42957,
2010,4,Utah,2.3,3.0,13.3,23.1,33.1,18.9,6.3,220.9,1433.0,1.7,6.0,6.0,13.8,25.9,19.1,19.2,8.4,71.038,1426.0,77.1,22.2,14.1,8.1,0.7,2775332,11441,1418,
2010,1,Vermont,2.9,5.7,12.0,22.0,30.6,19.5,7.3,222.9,1445.0,2.1,7.4,7.5,13.9,25.6,17.7,16.6,9.2,68.69800000000001,3588.0,75.3,24.1,20.5,3.6,0.6,625879,142,-125,
2010,3,Virginia,2.6,5.2,9.7,14.1,24.8,26.1,17.4,271.5,1728.0,1.9,5.3,5.7,10.3,18.4,16.0,21.7,20.8,87.012,2158.0,73.3,25.8,19.2,6.6,0.9,8023699,22650,11264,
2010,4,Washington,1.9,2.7,7.7,13.7,29.6,29.3,15.1,280.0,1736.0,1.9,5.4,5.7,11.1,21.6,18.5,21.6,14.2,80.24,2737.0,75.6,23.3,16.6,6.7,1.2,6742830,18290,8181,
2010,3,West Virginia,12.4,30.4,20.3,15.8,14.1,5.8,1.3,116.0,918.0,2.8,11.5,10.2,15.9,23.4,17.3,14.0,5.1,59.593,648.0,85.1,14.5,11.0,3.6,0.3,1854239,1221,1404,
2010,2,Wisconsin,2.8,12.6,21.4,22.4,24.5,12.4,3.8,175.6,1404.0,1.8,6.7,7.5,13.2,24.5,19.5,18.3,8.5,71.063,3244.0,73.7,25.3,19.0,6.3,1.0,5690475,3190,-2286,
2010,4,Wyoming,5.4,7.5,17.6,23.0,27.2,13.1,6.2,191.6,1300.0,1.8,6.3,5.8,11.6,25.1,18.1,22.0,9.4,74.26,1189.0,83.4,16.2,7.1,9.1,0.4,564487,712,-56,
2010,X,Puerto Rico,1.3,22.7,31.6,21.2,14.1,6.5,2.6,140.1,851.0,8.1,24.1,14.2,19.4,18.3,6.8,6.0,3.0,37.217,773.0,95.5,4.1,1.0,3.1,0.4,3721525,-4632,-7097,
2011,3,Alabama,8.7,22.4,22.2,18.5,16.2,8.7,3.4,142.2,1134.0,3.2,10.5,8.6,14.1,21.7,16.9,16.4,8.7,65.045,585.0,84.2,15.2,11.3,3.9,0.6,4799069,13632,2772,0.578433568
2011,4,Alaska,2.0,2.9,6.2,17.6,36.3,27.7,7.3,255.0,1794.0,0.6,3.7,3.0,8.6,17.9,19.7,26.3,20.2,94.966,3074.0,87.4,12.0,8.6,3.4,0.6,722128,8218,422,0.58772818
2011,4,Arizona,5.2,18.0,21.7,18.0,18.1,13.2,5.9,161.1,1365.0,3.3,9.4,8.2,14.2,21.1,15.5,17.4,10.9,66.79,1434.0,80.3,19.0,14.2,4.9,0.7,6472643,65471,27551,4.278167039
2011,3,Arkansas,11.0,29.6,22.0,16.0,12.5,6.7,2.1,120.7,988.0,3.5,11.0,9.1,16.1,22.6,15.2,15.2,7.4,60.34,732.0,91.1,8.5,5.3,3.2,0.4,2940667,18703,9658,3.294766462
2011,4,California,1.6,3.8,7.0,9.0,17.9,28.5,32.2,363.6,2182.0,2.3,6.0,5.3,9.8,17.3,15.3,21.6,22.3,89.279,3291.0,75.6,23.0,16.6,6.3,1.4,37638369,318867,47853,1.276797203
2011,4,Colorado,2.3,4.7,11.7,18.4,29.2,22.8,10.9,238.8,1560.0,2.5,5.9,5.9,11.6,20.4,16.6,21.3,15.9,80.07600000000002,1530.0,75.9,23.2,14.3,8.9,0.9,5121108,73759,39632,7.795086315
2011,1,Connecticut,1.3,2.1,7.1,15.2,29.0,28.2,17.2,282.9,2052.0,1.8,3.7,4.5,8.4,16.7,17.1,23.3,24.5,96.239,5152.0,74.6,24.8,19.7,5.1,0.7,3588283,9169,869,0.242486917
2011,3,Delaware,2.6,3.0,9.4,18.2,34.7,26.9,5.3,242.2,1567.0,2.3,5.6,5.9,11.5,20.1,18.5,21.4,14.7,80.85600000000002,1300.0,75.3,23.5,17.5,6.0,1.1,907381,7788,4381,4.8489906330000005
2011,3,District of Columbia,1.1,1.0,2.5,4.7,16.3,33.3,41.1,426.8,2224.0,2.5,4.1,3.6,7.2,14.4,13.1,20.4,34.9,108.425,2600.0,77.9,21.1,15.2,5.9,1.0,619800,14574,9951,16.2461858
2011,3,Florida,5.2,20.0,20.7,17.6,18.5,11.9,6.0,159.1,1470.0,3.7,10.6,9.4,14.0,21.2,14.9,15.5,10.8,63.474,1882.0,78.6,20.4,15.7,4.7,1.0,19053237,207700,169141,8.925935177000001
2011,3,Georgia,6.0,18.5,22.6,18.6,18.0,11.8,4.5,156.3,1371.0,3.2,9.1,7.8,12.9,21.5,15.7,17.8,12.0,68.998,1612.0,80.5,18.8,12.7,6.1,0.7,9802431,90550,28820,2.95372955
2011,4,Hawaii,0.7,1.1,2.3,3.4,11.9,32.6,47.9,485.8,2221.0,1.3,4.4,4.0,9.7,19.0,17.3,25.8,18.5,90.916,1390.0,76.4,22.2,17.9,4.3,1.4,1379329,15366,6340,4.6221838580000005
2011,4,Idaho,4.2,14.3,24.2,22.3,20.8,10.7,3.5,164.0,1212.0,2.7,9.2,9.4,17.4,23.7,16.2,15.1,6.3,60.854,1290.0,79.9,19.0,13.2,5.8,1.1,1583910,13164,2069,1.311711959
2011,2,Illinois,4.2,14.2,16.5,18.1,22.6,17.0,7.4,190.1,1646.0,2.1,6.7,6.5,11.3,21.4,16.9,19.9,15.2,77.24600000000002,4206.0,79.2,20.0,15.9,4.2,0.8,12867454,26951,-33876,-2.635448628
2011,2,Indiana,6.0,27.1,26.9,18.0,13.3,6.7,1.9,129.3,1091.0,2.2,8.4,8.6,14.6,24.5,17.9,16.3,7.6,65.84899999999999,1137.0,81.2,18.3,13.5,4.7,0.6,6516528,26096,588,0.090413133
2011,2,Iowa,7.2,24.3,25.9,17.7,15.9,7.0,1.9,133.6,1144.0,1.4,6.6,7.9,13.6,25.0,19.3,17.4,8.8,70.433,1879.0,81.7,17.8,12.6,5.1,0.6,3066336,15591,5939,1.941775824
2011,2,Kansas,8.3,22.3,22.6,19.3,16.7,8.0,2.8,143.1,1252.0,1.5,6.5,7.4,13.5,23.2,19.1,18.3,10.4,72.387,1922.0,85.1,14.4,9.7,4.7,0.5,2869225,11035,-3903,-1.362918524
2011,3,Kentucky,8.3,23.6,25.7,17.1,15.0,7.5,2.8,134.9,1092.0,2.9,9.5,8.6,15.0,22.8,17.1,16.0,8.0,64.806,1137.0,80.5,18.9,14.7,4.1,0.6,4369821,21640,8862,2.033034633
2011,3,Louisiana,8.3,16.6,20.7,22.3,18.9,9.6,3.4,158.2,1176.0,3.2,9.5,8.0,12.7,20.2,17.3,18.3,10.8,70.365,818.0,87.0,12.3,8.1,4.2,0.7,4575625,31093,9456,2.073648513
2011,1,Maine,5.1,11.8,18.2,22.0,24.0,13.8,5.0,180.0,1304.0,2.1,8.8,8.9,13.7,22.4,18.4,16.8,8.7,67.548,2215.0,77.0,22.3,18.9,3.4,0.7,1328284,655,1099,0.8275873490000001
2011,3,Maryland,1.7,3.2,6.7,12.5,27.7,30.5,17.8,293.8,1961.0,1.8,4.4,4.3,7.4,17.1,16.1,24.7,24.1,97.939,3152.0,75.2,23.6,18.0,5.6,1.2,5839419,50774,21004,3.612639215
2011,1,Massachusetts,1.2,1.3,4.3,9.7,26.1,38.1,19.4,330.5,2042.0,1.5,4.4,4.3,8.0,16.8,16.3,25.0,23.6,97.523,3735.0,74.2,24.9,20.3,4.6,0.9,6613583,47276,28245,4.286075225
2011,2,Michigan,10.8,26.2,21.9,17.7,14.4,6.7,2.4,126.6,1275.0,2.6,8.9,8.3,13.8,22.2,16.9,17.2,10.0,67.704,2351.0,77.0,22.2,17.5,4.6,0.8,9882412,4902,-19283,-1.951728352
2011,2,Minnesota,3.5,9.3,17.4,23.3,26.1,15.1,5.3,191.4,1481.0,1.7,5.2,6.1,11.5,22.5,18.5,21.4,13.1,78.48,2252.0,74.5,24.5,17.9,6.6,1.0,5346143,35315,6958,1.305811942
2011,3,Mississippi,12.8,28.1,21.7,16.6,13.3,5.8,1.7,119.4,1048.0,5.1,12.7,10.3,15.1,22.0,15.1,12.5,7.2,57.051,913.0,89.2,10.4,7.3,3.1,0.4,2978731,8183,-2448,-0.822956866
2011,2,Missouri,6.7,20.5,24.2,19.1,17.4,8.8,3.2,146.8,1199.0,2.2,8.0,8.2,14.2,23.1,17.6,16.9,9.9,67.78,1448.0,83.1,16.3,11.6,4.6,0.6,6010275,14301,-5967,-0.993982384
2011,4,Montana,4.2,9.4,16.4,20.6,28.4,15.0,6.0,198.2,1256.0,2.6,9.0,8.7,16.3,24.7,16.7,15.3,6.7,62.611,1668.0,83.4,16.0,10.8,5.2,0.6,997316,6619,3732,3.754502611
2011,2,Nebraska,6.3,20.9,30.0,17.6,16.5,7.1,1.7,137.8,1237.0,1.6,5.9,6.3,13.2,23.1,20.3,18.9,10.8,74.979,2561.0,83.2,16.1,10.2,5.9,0.7,1840672,11130,1060,0.577622994
2011,4,Nevada,4.6,17.7,22.7,20.0,19.1,12.2,3.9,160.4,1529.0,2.7,7.7,8.0,14.5,21.2,15.9,18.5,11.5,70.462,1610.0,79.8,19.4,12.5,7.0,0.8,2712730,10325,-5259,-1.942333848
2011,1,New Hampshire,2.0,4.0,7.8,18.2,37.8,25.0,5.3,243.1,1884.0,1.2,4.4,5.3,8.9,19.9,18.9,24.9,16.6,87.96700000000001,5050.0,76.5,22.6,17.6,5.0,0.9,1320202,3440,1211,0.918480495
2011,1,New Jersey,1.1,2.1,4.8,9.2,25.2,36.5,20.9,332.1,2397.0,1.4,4.3,4.1,8.0,15.7,15.8,24.7,26.1,100.979,7188.0,76.2,22.9,19.0,3.8,1.0,8828117,28671,-6959,-0.789558942
2011,4,New Mexico,6.0,13.1,19.5,19.8,21.6,13.8,6.1,174.1,1216.0,3.5,10.8,8.0,14.0,21.1,15.6,16.4,10.6,65.69800000000001,1283.0,85.7,13.6,8.4,5.2,0.7,2080450,15898,4484,2.163569523
2011,1,New York,2.9,10.5,11.4,10.0,14.6,27.4,23.1,303.5,1977.0,1.8,5.3,5.1,9.4,18.2,16.7,22.3,21.2,89.84,4606.0,78.9,20.2,17.1,3.1,0.9,19499241,99363,6043,0.310701124
2011,3,North Carolina,4.4,15.9,22.5,19.7,19.5,12.4,5.5,165.4,1246.0,2.8,9.1,8.6,14.5,22.1,15.6,16.6,10.6,65.803,1405.0,78.8,20.5,16.3,4.2,0.7,9657592,83269,41981,4.365763888
2011,2,North Dakota,8.6,18.1,24.7,22.3,17.4,7.2,1.7,147.2,1155.0,1.4,4.2,5.4,12.2,23.5,21.1,21.8,10.4,78.423,2012.0,85.2,14.1,10.5,3.6,0.7,685225,10510,7286,10.71517861
2011,2,Ohio,5.5,24.5,25.7,19.0,15.8,7.2,2.4,137.9,1243.0,2.2,7.8,8.1,13.8,23.7,17.1,17.4,9.9,68.59899999999999,2141.0,76.0,23.1,17.9,5.2,0.9,11544663,5327,-21931,-1.90010405
2011,3,Oklahoma,9.0,27.7,25.4,17.0,12.7,5.9,2.4,125.6,1108.0,2.4,8.8,8.6,14.9,23.4,16.7,17.0,8.2,65.792,1153.0,89.6,10.1,5.6,4.4,0.3,3788379,28435,13643,3.614842661
2011,4,Oregon,2.9,4.1,10.7,19.7,29.8,23.5,9.3,238.6,1546.0,2.4,7.4,6.9,12.8,23.6,18.2,17.6,11.1,71.65,2526.0,77.5,21.7,15.1,6.6,0.8,3872036,34545,21653,5.617205829
2011,1,Pennsylvania,4.9,15.5,17.7,18.4,22.2,15.4,5.8,178.8,1408.0,2.1,6.7,6.7,12.3,22.5,17.4,19.2,13.1,74.597,2653.0,76.8,22.4,18.5,3.9,0.8,12745815,34655,19765,1.552816075
2011,1,Rhode Island,1.4,2.7,8.0,18.9,35.7,23.5,9.7,244.4,1842.0,1.7,6.1,4.7,10.4,19.7,17.9,23.7,15.8,85.772,3796.0,74.9,24.3,19.9,4.4,0.9,1053649,-310,-1563,-1.483198014
2011,3,South Carolina,7.2,19.1,22.8,18.0,16.7,10.4,5.9,152.3,1175.0,3.0,10.4,8.6,14.6,22.8,15.4,16.3,8.9,63.143,894.0,81.9,17.4,13.3,4.1,0.7,4671994,36345,20816,4.472883199
2011,2,South Dakota,7.7,17.6,25.2,21.9,16.7,8.8,2.0,148.8,1178.0,1.8,5.7,7.6,14.8,25.7,21.5,15.4,7.6,70.3,1956.0,84.2,15.2,10.8,4.4,0.6,823579,7413,2911,3.550552068
2011,3,Tennessee,6.1,20.7,24.5,18.7,16.7,9.3,4.1,147.4,1172.0,2.7,10.2,9.1,14.7,22.5,16.7,15.3,8.9,63.288,1090.0,84.2,15.4,11.3,4.2,0.4,6399291,43980,25505,3.999340787
2011,3,Texas,5.8,22.0,24.9,18.3,15.9,9.0,4.1,144.1,1398.0,2.2,7.6,6.8,11.9,20.2,16.4,20.0,14.9,76.873,3020.0,91.0,8.6,4.7,3.9,0.4,25645629,403658,189731,7.45686572
2011,4,Utah,2.4,3.8,15.6,24.7,29.7,17.9,6.0,209.9,1418.0,1.5,5.5,6.4,13.4,25.9,19.0,18.5,9.9,72.089,1432.0,80.2,19.0,11.9,7.1,0.9,2814384,39052,2170,0.776425851
2011,1,Vermont,2.6,5.7,12.5,22.2,30.9,19.5,6.6,220.7,1487.0,1.5,7.1,7.4,12.5,22.0,20.3,17.9,11.4,74.419,3647.0,78.3,21.4,17.8,3.6,0.3,627049,1170,562,0.897098636
2011,3,Virginia,2.1,5.9,10.8,14.8,25.1,25.0,16.4,262.8,1707.0,1.7,5.4,5.5,9.9,18.3,16.2,21.2,21.8,88.389,2128.0,76.2,23.0,17.2,5.8,0.8,8101155,77456,35449,4.396815004
2011,4,Washington,1.8,3.2,9.0,16.7,29.1,26.8,13.4,263.1,1733.0,1.7,5.5,5.6,10.6,20.9,18.5,21.7,15.5,82.029,2826.0,78.3,20.7,15.3,5.3,1.1,6826627,83797,46859,6.906540181
2011,3,West Virginia,12.2,29.1,21.1,15.6,14.3,5.9,1.8,118.4,937.0,3.6,10.9,10.0,15.2,21.5,15.8,15.6,7.4,61.31800000000001,696.0,85.3,14.3,11.1,3.2,0.4,1856301,2062,3527,1.901071003
2011,2,Wisconsin,2.9,12.9,23.2,22.3,24.1,11.3,3.4,172.1,1402.0,2.0,6.4,6.6,13.3,24.4,19.3,18.7,9.4,72.203,3302.0,76.7,22.3,16.9,5.3,1.0,5705288,14813,-4429,-0.777306443
2011,4,Wyoming,4.7,9.0,18.9,23.2,27.5,12.5,4.2,187.7,1269.0,1.7,5.4,7.7,11.0,22.7,20.1,22.5,8.8,77.66,1185.0,84.8,14.1,6.7,7.4,1.1,567299,2812,-215,-0.379930482
2011,X,Puerto Rico,1.7,20.9,30.9,22.2,15.0,6.9,2.4,144.0,888.0,9.2,23.1,15.7,18.1,18.3,7.0,5.4,3.2,36.333,724.0,96.0,3.6,0.9,2.7,0.3,3678732,-42793,-53776,-14.53354931
2012,3,Alabama,8.5,23.0,21.7,17.9,16.8,9.0,3.2,142.6,1104.0,3.2,9.8,8.9,13.7,21.5,17.1,16.7,9.0,65.297,597.0,85.4,14.2,10.1,4.1,0.5,4815588,16519,5703,1.186313771
2012,4,Alaska,2.3,2.7,7.4,14.3,38.1,28.9,6.3,260.4,1831.0,1.2,4.5,4.4,8.3,16.5,18.8,24.4,21.8,94.352,3098.0,90.0,9.6,7.0,2.6,0.4,730443,8315,1029,1.416798215
2012,4,Arizona,5.7,18.3,21.9,17.0,18.3,12.9,5.9,159.7,1320.0,2.8,8.1,8.0,13.4,22.0,15.4,18.4,11.9,69.604,1393.0,83.6,15.7,12.0,3.7,0.7,6554978,82335,44944,6.899801583
2012,3,Arkansas,11.0,28.7,22.6,16.1,13.1,6.2,2.1,121.3,975.0,2.8,10.6,9.9,14.5,23.5,15.9,15.4,7.4,61.20399999999999,762.0,91.9,7.9,4.5,3.4,0.2,2952164,11497,2439,0.827785491
2012,4,California,1.7,4.1,7.2,9.3,18.0,28.5,31.3,358.1,2119.0,2.3,5.7,5.2,9.6,17.1,15.2,21.8,23.2,91.024,3336.0,78.0,20.9,15.3,5.6,1.1,37948800,310431,56502,1.4950156419999998
2012,4,Colorado,2.6,4.9,11.4,18.0,28.5,23.6,11.0,240.5,1551.0,2.0,5.7,5.8,11.1,20.2,17.7,20.8,16.7,81.304,1539.0,79.1,19.9,12.3,7.5,1.0,5192647,71539,38739,7.512103982
2012,1,Connecticut,1.4,3.0,8.5,16.1,28.9,26.0,16.2,270.9,2027.0,1.4,4.4,4.0,8.2,16.9,16.3,24.4,24.4,97.646,5139.0,75.1,24.1,18.6,5.5,0.8,3594547,6264,-1471,-0.409587864
2012,3,Delaware,3.0,3.5,10.2,20.2,34.3,23.2,5.6,233.5,1517.0,2.1,6.3,5.2,11.9,20.9,18.4,21.6,13.7,79.61,1322.0,78.3,21.1,17.3,3.8,0.6,915179,7798,4414,4.843736283
2012,3,District of Columbia,1.0,0.7,2.0,5.5,15.4,30.4,45.1,464.2,2262.0,2.4,3.8,3.8,6.1,13.1,11.3,21.8,37.7,119.398,2833.0,78.2,21.2,14.1,7.1,0.6,634924,15124,10095,16.09118818
2012,3,Florida,5.9,21.2,20.0,17.8,17.8,11.7,5.8,156.7,1425.0,3.4,10.1,9.3,14.5,20.8,15.1,16.0,10.9,64.414,1819.0,80.3,19.1,14.5,4.6,0.6,19297822,244585,202523,10.56153365
2012,3,Georgia,6.6,20.6,21.8,17.9,17.2,11.2,4.7,152.3,1331.0,3.2,8.5,7.3,12.3,21.4,15.7,17.9,13.6,71.35300000000002,1587.0,81.8,17.4,11.9,5.5,0.8,9901430,98999,36489,3.703741109
2012,4,Hawaii,0.7,1.2,2.0,3.8,12.1,30.8,49.5,496.2,2244.0,1.8,5.5,3.5,8.6,17.3,17.3,25.9,20.1,94.565,1416.0,77.3,20.9,16.1,4.8,1.8,1394804,15475,7055,5.086273802
2012,4,Idaho,3.0,15.8,26.7,21.2,19.7,9.7,3.8,158.4,1174.0,2.4,9.3,9.3,15.1,26.1,15.7,14.6,7.5,62.118,1240.0,81.9,17.0,11.9,5.1,1.0,1595324,11414,806,0.507040375
2012,2,Illinois,4.4,15.9,17.9,17.8,21.4,15.3,7.3,180.2,1618.0,1.9,6.5,5.9,11.0,19.9,17.4,20.9,16.5,80.94800000000002,4328.0,80.3,19.1,14.9,4.2,0.7,12882510,15056,-43686,-3.393092122
2012,2,Indiana,6.7,26.9,26.4,17.7,14.0,6.4,1.9,129.6,1069.0,2.1,8.1,8.2,14.9,23.7,17.9,17.0,8.1,66.792,1126.0,83.0,16.5,12.3,4.2,0.4,6537703,21175,-3033,-0.464676931
2012,2,Iowa,7.2,24.8,23.9,18.7,16.3,7.3,1.8,137.0,1140.0,1.6,6.4,7.4,13.1,24.8,19.4,18.7,8.6,71.36,1962.0,84.2,15.2,10.6,4.6,0.6,3076190,9854,-547,-0.178102624
2012,2,Kansas,7.9,21.9,22.7,18.9,17.6,8.6,2.5,144.8,1250.0,1.9,6.1,7.0,12.3,23.1,17.8,20.5,11.3,74.497,1989.0,85.6,13.8,9.5,4.3,0.6,2885257,16032,1352,0.469894597
2012,3,Kentucky,8.2,22.5,26.2,18.1,14.7,7.7,2.6,135.8,1084.0,3.0,9.5,8.5,14.2,22.3,17.2,16.9,8.3,66.183,1189.0,82.1,17.3,13.2,4.1,0.6,4386346,16525,4220,0.963892077
2012,3,Louisiana,8.6,16.2,20.7,21.5,19.9,9.8,3.2,158.3,1148.0,3.3,9.5,7.7,12.7,19.9,16.2,19.0,11.5,70.67399999999998,819.0,89.0,10.4,6.8,3.6,0.6,4600972,25347,3561,0.776104693
2012,1,Maine,4.3,13.4,18.3,21.8,23.6,14.1,4.4,180.2,1300.0,2.0,8.8,8.7,14.5,23.6,17.7,16.9,8.0,66.223,2273.0,79.2,19.9,16.9,3.1,0.9,1327729,-555,-396,-0.298191312
2012,3,Maryland,2.0,3.3,7.2,12.8,28.3,29.0,17.3,286.5,1918.0,1.6,4.0,4.2,7.8,16.1,15.4,25.0,26.0,101.171,3184.0,77.1,22.0,16.4,5.6,0.9,5886992,47573,19100,3.257603712
2012,1,Massachusetts,1.3,1.6,4.9,9.9,26.1,35.9,20.2,326.6,2010.0,1.7,4.2,4.1,7.7,16.3,15.8,24.8,25.4,100.244,3853.0,76.6,22.6,18.2,4.4,0.8,6663005,49422,30496,4.593951398
2012,2,Michigan,12.0,25.9,21.4,17.0,14.4,6.8,2.5,125.5,1233.0,2.6,8.4,7.9,13.7,22.5,16.8,17.6,10.5,68.744,2288.0,79.0,20.4,16.2,4.3,0.5,9897145,14733,-9045,-0.914580645
2012,2,Minnesota,3.3,10.6,19.3,22.1,24.4,15.1,5.2,186.1,1465.0,1.4,4.7,5.2,11.0,21.4,19.2,22.0,15.0,82.353,2302.0,76.8,22.5,16.1,6.5,0.7,5376643,30500,2114,0.394300511
2012,3,Mississippi,13.3,27.5,20.3,17.7,13.9,5.5,1.9,121.0,1031.0,3.8,11.8,10.5,15.0,22.0,14.6,14.5,7.8,59.737,918.0,89.6,9.8,6.8,3.0,0.6,2983816,5085,-5583,-1.872689641
2012,2,Missouri,7.1,21.5,23.4,19.1,17.2,8.5,3.2,145.5,1176.0,2.4,7.9,8.2,13.8,23.8,17.2,16.8,9.9,67.99,1481.0,84.6,14.9,10.5,4.4,0.5,6024367,14092,-5351,-0.88926617
2012,4,Montana,4.7,8.6,14.6,22.3,27.9,15.8,6.1,199.6,1233.0,2.2,8.8,7.9,14.0,23.4,18.5,17.5,7.7,68.10300000000001,1712.0,87.6,11.7,8.3,3.4,0.7,1003783,6467,3345,3.343162932
2012,2,Nebraska,6.3,21.3,29.3,18.5,15.6,6.8,2.2,138.0,1229.0,1.4,6.0,6.2,12.9,24.1,19.0,19.8,10.4,74.12100000000002,2568.0,85.6,13.8,9.4,4.4,0.6,1853303,12631,2176,1.178134665
2012,4,Nevada,5.0,19.2,24.1,19.6,18.7,9.6,3.9,153.4,1433.0,2.4,7.4,8.4,13.1,22.0,17.1,18.7,11.0,71.02199999999998,1503.0,83.1,16.1,9.9,6.2,0.8,2743996,31266,16760,6.142877616
2012,1,New Hampshire,2.2,4.2,9.4,18.1,36.7,23.6,5.9,241.3,1828.0,1.3,5.3,4.1,9.2,19.5,19.0,23.7,17.9,88.49,5236.0,78.7,20.8,17.0,3.8,0.5,1324232,4030,2345,1.773536417
2012,1,New Jersey,1.2,2.4,5.4,10.6,26.4,34.6,19.4,318.4,2342.0,1.4,4.1,4.1,7.4,15.5,15.9,24.2,27.4,101.703,7312.0,78.3,20.8,17.3,3.5,0.9,8844942,16825,-18503,-2.093921601
2012,4,New Mexico,5.6,13.2,20.8,21.1,21.3,12.8,5.3,171.4,1193.0,3.7,10.9,9.0,13.0,21.0,15.8,16.6,10.1,65.215,1351.0,87.2,12.2,7.7,4.4,0.7,2087309,6859,-3597,-1.726107484
2012,1,New York,2.9,10.9,11.1,10.1,15.0,27.6,22.4,299.7,1967.0,1.7,5.4,5.1,9.0,17.9,16.5,22.6,21.9,90.924,4669.0,80.4,18.9,16.3,2.6,0.7,19572932,73691,-18818,-0.963243073
2012,3,North Carolina,4.7,16.6,23.3,18.7,19.1,12.2,5.2,162.1,1209.0,2.7,8.8,8.2,13.7,22.0,16.7,16.9,10.9,67.875,1406.0,80.2,19.2,15.3,3.9,0.6,9749476,91884,51023,5.258187378
2012,2,North Dakota,8.1,14.9,21.0,21.0,22.3,10.5,2.2,161.6,1205.0,1.1,4.4,5.5,11.3,21.4,21.3,22.6,12.4,81.73,2099.0,86.2,13.3,9.5,3.8,0.5,701176,15951,11588,16.71666423
2012,2,Ohio,6.0,25.2,25.3,18.1,15.6,7.5,2.2,135.7,1215.0,1.9,7.8,7.4,13.4,22.9,17.5,18.1,10.9,70.84899999999998,2193.0,78.2,21.2,16.6,4.6,0.6,11548923,4260,-21690,-1.878443651
2012,3,Oklahoma,8.8,25.9,26.3,17.1,13.4,6.1,2.3,127.2,1111.0,2.3,8.5,8.1,14.5,23.4,17.4,16.5,9.3,67.288,1205.0,90.5,9.1,5.0,4.1,0.4,3818814,30435,14945,3.929175979
2012,4,Oregon,3.0,4.2,12.5,19.6,29.6,22.7,8.4,231.5,1544.0,2.4,6.9,6.6,12.6,22.9,17.5,19.8,11.3,73.328,2591.0,79.5,19.6,14.1,5.5,0.9,3899001,26965,15097,3.885453126
2012,1,Pennsylvania,5.1,15.9,18.0,18.1,22.3,14.7,5.9,176.7,1382.0,2.1,6.6,6.4,11.5,21.5,18.1,20.2,13.7,77.138,2725.0,78.9,20.3,16.9,3.5,0.8,12767118,21303,6422,0.503430946
2012,1,Rhode Island,1.7,3.1,9.9,21.5,33.5,21.8,8.6,236.4,1774.0,2.1,5.6,4.9,10.3,19.4,18.0,22.7,17.1,84.818,3918.0,76.5,22.8,17.7,5.1,0.7,1054621,972,-667,-0.63274628
2012,3,South Carolina,7.4,19.0,22.3,18.4,16.9,11.0,5.0,153.0,1155.0,2.8,8.8,8.2,14.7,22.9,16.3,16.0,10.2,65.791,886.0,83.5,15.9,12.0,3.9,0.7,4717354,45360,29431,6.269018892999999
2012,2,South Dakota,8.0,16.8,25.4,20.0,18.7,9.0,2.1,149.7,1174.0,1.7,5.9,7.7,14.7,24.7,20.5,16.4,8.4,69.582,1988.0,87.2,12.2,9.2,3.0,0.6,833566,9987,5397,6.513612267
2012,3,Tennessee,6.5,21.0,24.6,17.7,16.8,9.5,4.0,145.8,1143.0,2.6,10.2,9.4,14.9,22.7,15.8,15.1,9.4,62.902,1127.0,85.7,13.8,9.6,4.2,0.5,6453898,54607,34546,5.3754753
2012,3,Texas,5.9,21.5,24.7,18.6,15.6,9.4,4.3,145.4,1374.0,2.2,6.8,6.7,11.7,19.7,16.3,20.5,16.0,78.895,3021.0,92.0,7.7,4.1,3.6,0.3,26084481,438852,226699,8.764682696
2012,4,Utah,2.2,4.2,18.3,24.5,28.8,16.0,5.9,202.2,1396.0,1.7,5.5,5.9,13.2,24.6,19.0,19.8,10.4,74.12,1448.0,82.2,17.3,10.6,6.7,0.5,2853375,38991,4114,1.45172016
2012,1,Vermont,2.5,5.3,12.8,20.1,33.7,18.7,6.9,225.3,1478.0,1.9,6.2,6.7,12.1,24.2,18.9,19.7,10.1,73.468,3758.0,78.7,20.6,18.2,2.4,0.6,626090,-959,-1544,-2.464211871
2012,3,Virginia,2.3,6.5,10.6,15.7,24.0,24.1,16.8,257.4,1670.0,1.8,5.5,5.2,9.7,18.0,15.9,21.6,22.5,90.00399999999998,2108.0,78.0,21.4,16.1,5.3,0.7,8185080,83925,41160,5.054575229
2012,4,Washington,2.1,3.8,10.2,17.8,28.8,24.9,12.4,249.3,1715.0,1.8,5.3,5.4,10.7,20.2,17.3,22.5,16.9,83.287,2848.0,79.9,19.2,13.9,5.2,0.9,6897058,70431,33476,4.878573066
2012,3,West Virginia,11.4,27.9,22.8,16.2,13.5,6.4,1.7,119.9,931.0,2.6,10.6,8.9,14.9,23.3,17.4,15.3,7.2,62.698,711.0,86.7,13.0,10.3,2.7,0.3,1856872,571,1538,0.828402016
2012,2,Wisconsin,3.2,14.0,22.9,22.0,23.5,11.1,3.3,169.5,1376.0,1.7,6.1,6.5,12.6,23.5,19.5,20.2,9.8,74.471,3322.0,78.4,20.8,15.3,5.4,0.8,5719960,14672,-4770,-0.834992816
2012,4,Wyoming,4.5,6.7,15.2,25.5,27.0,15.0,6.0,195.7,1297.0,2.0,6.3,5.3,10.7,21.5,21.3,21.1,11.8,79.938,1216.0,87.6,12.0,6.4,5.6,0.3,576305,9006,5729,10.01920245
2012,X,Puerto Rico,1.7,18.7,34.1,21.8,14.7,6.0,2.9,143.1,881.0,8.0,23.6,14.7,19.7,18.4,7.3,5.0,3.3,37.209,682.0,96.3,3.4,0.9,2.5,0.2,3634488,-44244,-54784,-14.98218295
2013,3,Alabama,9.0,22.2,22.3,17.4,16.7,9.3,3.1,141.4,1093.0,3.1,9.5,8.1,14.5,22.1,16.0,16.8,9.9,65.89,595.0,86.1,13.3,9.7,3.6,0.6,4830081,14493,7343,1.5225486169999998
2013,4,Alaska,1.9,2.5,6.5,15.4,36.4,30.4,6.8,266.8,1746.0,1.1,4.3,2.9,7.5,16.1,18.0,27.4,22.9,100.319,3175.0,90.1,9.3,6.7,2.7,0.6,737068,6625,-701,-0.955359108
2013,4,Arizona,5.4,13.2,19.4,18.5,21.4,15.3,6.9,178.2,1277.0,3.1,8.3,7.5,13.3,20.7,15.8,18.3,13.1,71.112,1394.0,84.6,14.7,11.0,3.7,0.7,6632764,77786,42047,6.376679192
2013,3,Arkansas,11.3,26.7,23.8,16.2,13.3,6.3,2.4,124.7,979.0,3.2,10.7,9.2,14.9,21.9,15.5,16.1,8.6,62.24100000000001,800.0,92.7,7.0,4.1,3.0,0.2,2959400,7236,171,0.05785271
2013,4,California,2.8,3.2,5.7,8.0,16.3,29.2,34.9,383.2,2059.0,2.2,5.6,5.0,9.1,16.8,14.8,21.7,25.0,93.538,3412.0,80.4,18.5,13.8,4.7,1.1,38260787,311987,62836,1.649031375
2013,4,Colorado,3.4,4.7,10.4,16.6,29.4,23.9,11.6,246.5,1516.0,1.9,5.7,6.0,10.9,18.8,17.2,21.5,17.9,84.26700000000002,1558.0,80.4,18.7,11.7,7.0,0.8,5269035,76388,44424,8.492707005
2013,1,Connecticut,2.7,2.9,8.9,15.6,26.7,26.8,16.5,272.8,1986.0,1.4,3.8,3.8,7.5,16.8,16.0,24.0,26.8,100.866,5399.0,78.7,20.6,16.1,4.6,0.7,3594841,294,-6007,-1.671074089
2013,3,Delaware,4.3,4.4,10.1,19.1,31.0,24.7,6.5,233.9,1504.0,2.3,5.9,6.4,11.0,20.4,16.2,20.6,17.2,80.332,1366.0,81.8,17.3,13.6,3.7,0.9,923576,8397,5655,6.150901017000001
2013,3,District of Columbia,3.0,1.8,1.5,3.9,12.6,30.7,46.5,472.2,2236.0,2.5,3.1,3.3,5.3,12.1,13.5,20.8,39.5,123.456,2794.0,79.5,19.4,13.2,6.2,1.1,650581,15657,10788,16.78406541
2013,3,Florida,6.6,18.5,19.1,17.3,18.8,12.9,6.7,163.6,1368.0,3.2,10.2,8.3,13.6,21.2,15.0,16.4,12.1,66.38600000000001,1808.0,82.8,16.5,12.7,3.7,0.7,19545621,247799,215179,11.07929593
2013,3,Georgia,7.7,20.6,20.7,17.3,16.7,11.9,5.2,152.4,1288.0,3.3,8.0,7.5,12.4,20.7,16.3,18.1,13.8,72.247,1507.0,83.2,16.1,11.0,5.1,0.7,9972479,71049,16454,1.6558393219999998
2013,4,Hawaii,1.5,1.1,1.8,3.3,11.0,31.2,50.0,500.4,2220.0,1.7,4.9,4.5,6.9,16.4,16.0,26.0,23.6,99.096,1435.0,78.1,21.1,17.7,3.4,0.8,1408243,13439,4917,3.508325048
2013,4,Idaho,4.3,13.2,25.0,23.1,19.6,10.6,4.2,162.7,1142.0,2.5,7.9,9.4,15.5,25.4,17.5,14.2,7.7,63.271,1215.0,83.8,15.6,10.4,5.2,0.7,1611206,15882,5325,3.3213473760000003
2013,2,Illinois,5.5,16.1,17.1,17.2,21.2,15.3,7.6,179.7,1565.0,2.2,6.2,6.1,10.6,19.6,16.6,21.1,17.5,81.661,4327.0,82.0,17.4,13.8,3.6,0.6,12895129,12619,-40418,-3.135896193
2013,2,Indiana,7.5,25.8,26.1,17.1,14.2,7.1,2.2,129.9,1062.0,2.2,8.1,8.1,14.3,23.0,17.8,17.6,8.9,68.672,1141.0,83.9,15.5,11.9,3.6,0.6,6568713,31010,8676,1.323931729
2013,2,Iowa,7.7,24.1,24.3,18.5,15.7,7.8,1.9,136.6,1118.0,1.7,6.0,7.0,13.3,23.2,19.1,19.8,10.0,73.661,2026.0,84.8,14.7,10.5,4.2,0.4,3092997,16807,7098,2.301113583
2013,2,Kansas,8.8,21.4,20.9,19.6,17.2,9.2,2.9,147.4,1241.0,2.1,5.7,6.4,11.9,22.5,18.5,20.0,12.8,76.344,1986.0,88.0,11.5,8.3,3.2,0.5,2893212,7955,-6184,-2.140359324
2013,3,Kentucky,9.3,21.9,24.6,17.8,15.4,8.2,2.8,137.4,1074.0,3.3,9.1,8.1,13.7,22.8,16.3,17.6,9.0,66.23,1202.0,84.1,15.3,11.7,3.6,0.6,4404659,18313,6753,1.536343114
2013,3,Louisiana,8.3,15.4,20.5,21.1,20.5,10.9,3.3,161.4,1166.0,2.8,8.4,7.6,12.1,19.8,16.3,19.9,13.1,73.786,903.0,88.7,10.7,7.5,3.2,0.6,4624527,23555,4501,0.975773777
2013,1,Maine,5.0,12.3,19.4,20.8,23.9,13.9,4.7,178.8,1268.0,1.8,8.1,8.0,13.5,22.8,19.0,16.7,10.0,70.181,2337.0,80.7,18.8,16.1,2.8,0.5,1328009,280,959,0.7222097959999999
2013,3,Maryland,3.1,3.6,7.2,12.7,26.6,29.5,17.3,287.6,1867.0,1.7,4.0,4.1,7.6,16.3,15.6,24.2,26.4,100.73,3193.0,78.6,20.6,15.7,4.8,0.8,5923188,36196,10142,1.7175013419999998
2013,1,Massachusetts,2.8,1.5,4.9,9.6,24.2,35.8,21.2,330.6,1976.0,1.6,4.1,4.1,7.1,16.3,16.0,24.7,26.1,100.943,3971.0,78.2,21.0,17.0,4.0,0.8,6713315,50310,33783,5.051165043999999
2013,2,Michigan,11.6,24.7,20.9,17.0,15.1,8.2,2.6,130.2,1207.0,2.5,7.9,7.8,13.2,22.0,16.9,18.2,11.6,70.833,2277.0,81.7,17.7,13.6,4.1,0.6,9913065,15920,-4999,-0.504689249
2013,2,Minnesota,4.4,9.6,18.7,21.7,24.5,15.5,5.8,188.7,1438.0,1.4,5.0,5.3,10.3,21.0,18.7,22.7,15.6,83.41799999999998,2260.0,79.2,20.1,14.6,5.5,0.8,5413479,36836,9621,1.783297724
2013,3,Mississippi,13.1,27.8,19.4,16.8,15.0,5.8,2.0,121.7,1021.0,3.9,12.2,9.6,13.9,22.5,15.1,14.7,8.1,60.551,944.0,90.5,9.0,6.3,2.7,0.5,2988711,4895,-2997,-1.003595296
2013,2,Missouri,8.0,21.1,23.5,18.3,16.8,8.8,3.6,144.2,1162.0,2.5,8.2,7.6,13.3,22.8,17.0,17.5,11.2,69.881,1487.0,86.5,13.1,9.5,3.6,0.5,6040715,16348,-934,-0.154826963
2013,4,Montana,5.6,7.8,13.4,21.2,27.9,17.3,6.7,206.2,1259.0,1.8,7.2,8.0,13.7,24.6,17.1,17.6,9.9,69.02,1732.0,88.4,11.1,7.5,3.6,0.5,1013569,9786,6965,6.905091427
2013,2,Nebraska,6.6,19.4,29.1,18.5,16.9,7.1,2.3,141.5,1226.0,1.8,5.3,6.9,12.4,23.1,19.0,20.6,11.0,75.538,2595.0,86.4,13.2,8.8,4.4,0.4,1865279,11976,2205,1.185935929
2013,4,Nevada,5.6,14.4,20.3,19.7,22.9,13.1,4.0,169.0,1361.0,2.4,7.8,7.9,12.6,22.8,16.2,18.7,11.6,70.521,1474.0,85.1,14.2,9.3,5.0,0.6,2775970,31974,18122,6.565982472000001
2013,1,New Hampshire,3.6,4.0,9.9,17.3,34.7,25.0,5.4,239.5,1778.0,1.3,4.1,4.2,9.6,19.7,18.3,25.1,17.6,89.198,5269.0,80.6,18.6,15.5,3.2,0.7,1326622,2390,806,0.608105916
2013,1,New Jersey,3.1,2.6,5.6,10.4,25.4,33.0,19.9,314.2,2296.0,1.8,4.3,3.8,7.4,15.1,14.7,24.1,28.8,104.023,7432.0,79.4,19.8,16.9,2.9,0.9,8856972,12030,-18948,-2.140785454
2013,4,New Mexico,5.9,12.1,20.5,21.7,22.2,12.0,5.7,172.7,1193.0,4.4,10.1,7.7,12.8,20.5,15.4,18.0,11.2,68.225,1342.0,88.8,10.8,7.0,3.8,0.4,2092273,4964,-5034,-2.408853326
2013,1,New York,4.0,10.2,11.3,9.9,15.4,26.3,22.8,293.9,1956.0,1.8,5.1,4.9,8.9,17.0,16.0,23.0,23.2,93.214,4832.0,81.4,18.0,15.4,2.6,0.6,19624447,51515,-35115,-1.79170143
2013,3,North Carolina,5.6,15.7,21.6,19.4,19.4,12.9,5.4,165.5,1205.0,3.0,7.9,8.1,13.5,21.9,16.5,16.9,12.1,69.692,1423.0,82.0,17.4,14.1,3.4,0.6,9843336,93860,58114,5.932175535
2013,2,North Dakota,6.9,14.9,19.1,19.1,25.7,11.9,2.5,169.4,1207.0,0.9,3.3,5.5,11.4,20.8,22.6,22.3,13.2,84.279,1998.0,87.3,12.1,9.1,3.0,0.5,722036,20860,16331,22.94949733
2013,2,Ohio,6.9,25.1,24.3,17.8,15.8,7.6,2.6,135.9,1209.0,2.3,7.3,7.3,13.1,21.9,17.4,18.9,11.8,72.263,2192.0,79.8,19.6,15.2,4.4,0.6,11576684,27761,3880,0.33555876
2013,3,Oklahoma,9.0,25.3,25.3,18.2,13.5,6.4,2.3,130.2,1094.0,2.5,8.2,7.9,13.9,22.8,16.9,17.9,9.9,69.105,1211.0,91.9,7.5,4.1,3.4,0.6,3853214,34400,19428,5.064632194
2013,4,Oregon,4.2,3.9,10.8,18.6,29.4,23.9,9.3,238.9,1502.0,2.4,7.2,6.0,12.3,21.5,18.0,20.0,12.6,75.704,2606.0,81.6,17.3,12.6,4.7,1.2,3922468,23467,11946,3.054669142
2013,1,Pennsylvania,5.9,15.3,17.5,18.1,22.1,15.4,5.8,178.0,1373.0,2.1,6.4,6.3,11.5,20.9,17.3,20.5,14.9,78.52199999999998,2812.0,80.5,18.8,15.7,3.1,0.7,12776309,9191,-749,-0.058645224
2013,1,Rhode Island,3.6,2.9,11.1,21.8,28.9,22.5,9.1,233.4,1751.0,1.4,4.8,5.2,10.5,17.6,17.8,22.4,20.3,87.59700000000002,3905.0,75.9,23.6,19.1,4.5,0.5,1055081,460,-740,-0.701520878
2013,3,South Carolina,7.4,17.8,22.5,18.3,17.5,11.1,5.4,155.5,1144.0,3.3,8.9,8.9,13.9,21.6,16.5,17.1,9.7,66.986,919.0,84.5,14.9,11.6,3.3,0.6,4764080,46726,34343,7.24426284
2013,2,South Dakota,7.8,16.2,24.7,22.2,16.9,9.1,3.1,152.3,1150.0,1.5,5.3,6.0,14.5,26.2,19.9,17.3,9.4,71.236,2011.0,86.7,12.6,8.8,3.8,0.7,842316,8750,3877,4.626817401
2013,3,Tennessee,7.0,20.2,24.1,18.0,16.5,10.0,4.1,147.4,1138.0,3.2,8.9,8.5,14.5,22.7,16.1,15.7,10.3,65.719,1154.0,86.9,12.6,9.1,3.5,0.5,6494340,40442,23220,3.586588384
2013,3,Texas,6.3,20.3,23.6,17.6,16.9,10.5,4.7,149.6,1375.0,2.4,6.5,6.2,11.0,19.1,16.0,21.0,17.8,81.777,3119.0,93.0,6.7,3.9,2.8,0.3,26480266,395785,187455,7.132346704
2013,4,Utah,4.0,3.4,15.4,22.2,29.5,18.9,6.5,214.3,1377.0,1.5,5.4,5.9,11.8,23.5,19.5,20.7,11.8,76.937,1458.0,84.1,15.4,10.1,5.3,0.5,2897640,44265,8780,3.053374057
2013,1,Vermont,3.8,5.4,13.7,19.2,31.0,20.5,6.5,222.9,1482.0,1.5,7.0,7.3,11.5,21.8,18.2,19.6,13.2,76.275,3816.0,79.9,19.8,17.6,2.2,0.3,626210,120,-221,-0.352950571
2013,3,Virginia,3.6,5.8,10.8,15.0,22.3,24.9,17.6,262.0,1645.0,1.9,5.0,5.1,10.1,17.6,15.4,21.6,23.3,90.992,2078.0,79.7,19.6,15.0,4.5,0.7,8252427,67347,28404,3.4559985280000003
2013,4,Washington,3.1,3.4,9.6,16.5,27.8,25.8,13.8,259.7,1667.0,2.3,5.0,5.5,10.1,19.6,17.2,22.3,18.0,84.655,2824.0,82.6,16.8,12.2,4.6,0.7,6963985,66927,31002,4.47325645
2013,3,West Virginia,11.1,28.3,21.3,17.8,13.3,6.7,1.6,122.6,939.0,2.6,10.9,8.6,14.1,24.3,16.5,15.2,7.8,62.93600000000001,725.0,88.1,11.4,8.9,2.5,0.6,1853914,-2958,-1532,-0.8257010779999999
2013,2,Wisconsin,4.1,14.3,22.7,21.0,22.7,11.8,3.4,168.3,1352.0,1.7,6.1,6.8,12.2,23.0,18.9,20.6,10.7,75.221,3304.0,80.0,19.4,14.8,4.6,0.6,5736754,16794,380,0.066336648
2013,4,Wyoming,4.1,6.3,13.7,23.9,29.3,17.1,5.5,205.2,1330.0,1.8,5.7,5.8,9.7,21.2,19.6,24.7,11.6,82.738,1260.0,88.6,10.8,5.1,5.7,0.6,582122,5817,2817,4.863491614
2013,X,Puerto Rico,2.7,17.7,32.6,24.2,14.7,5.5,2.6,144.9,877.0,8.5,22.0,15.9,18.3,17.8,7.7,6.3,3.5,37.441,651.0,96.5,3.2,0.9,2.2,0.4,3593077,-41411,-49883,-13.80354241
2014,3,Alabama,8.8,21.6,21.5,17.2,18.2,9.7,3.0,145.7,1119.0,3.2,9.9,8.2,14.0,20.9,15.3,18.0,10.5,66.546,603.0,86.8,12.6,9.3,3.3,0.6,4841799,11718,2725,0.563489208
2014,4,Alaska,2.6,2.5,5.7,15.4,35.6,30.9,7.4,268.7,1797.0,1.5,3.0,2.7,7.3,18.1,15.5,28.6,23.4,102.659,3260.0,90.7,8.8,6.5,2.3,0.5,736283,-785,-8443,-11.46094855
2014,4,Arizona,4.9,11.0,16.7,19.0,22.4,17.7,8.3,194.9,1273.0,2.9,7.6,7.6,12.7,20.7,15.3,18.6,14.6,72.609,1401.0,87.0,12.5,9.5,3.0,0.5,6730413,97649,61260,9.168478424
2014,3,Arkansas,10.4,26.2,23.4,17.2,13.6,6.9,2.4,128.2,995.0,2.5,9.7,9.2,15.7,21.6,15.6,16.5,9.2,63.705,835.0,92.5,7.3,4.8,2.5,0.2,2967392,7992,-271,-0.091449135
2014,4,California,2.7,2.1,4.1,6.2,14.7,30.0,40.2,427.7,2068.0,2.1,5.4,5.0,8.5,16.0,14.8,21.8,26.4,96.305,3548.0,82.1,17.0,12.9,4.1,0.8,38596972,336185,84680,2.203551108
2014,4,Colorado,3.5,4.0,8.2,15.6,28.1,26.9,13.6,263.5,1536.0,2.0,5.4,5.5,9.7,19.3,16.5,22.2,19.4,86.219,1560.0,82.9,16.3,10.4,6.0,0.7,5350101,81066,48408,9.117125912999999
2014,1,Connecticut,2.8,2.7,9.3,15.8,27.1,26.1,16.3,271.0,1994.0,1.4,3.5,4.0,7.8,15.2,16.2,24.0,27.9,102.375,5472.0,78.9,20.6,16.6,4.0,0.5,3594524,-317,-6980,-1.941757026
2014,3,Delaware,3.9,4.5,11.1,18.4,30.9,25.0,6.3,234.6,1460.0,2.8,6.0,6.0,12.0,18.7,16.3,21.2,17.0,81.238,1326.0,82.5,16.4,12.3,4.1,1.1,932487,8911,5973,6.436203944
2014,3,District of Columbia,2.3,1.4,1.9,3.3,12.7,28.7,49.7,497.9,2194.0,2.6,3.3,2.8,4.7,11.9,12.2,20.0,42.5,125.87,2649.0,79.2,19.7,14.1,5.6,1.1,662328,11747,6983,10.63744707
2014,3,Florida,6.2,16.3,17.3,17.9,20.2,15.0,7.1,173.5,1364.0,3.3,9.1,8.3,13.1,21.0,15.2,17.2,12.8,68.407,1808.0,84.4,14.9,11.6,3.3,0.6,19845911,300290,260032,13.20243143
2014,3,Georgia,6.9,18.6,20.9,17.3,17.5,13.0,5.8,158.8,1285.0,2.6,7.7,6.7,12.7,20.6,16.1,18.1,15.5,74.446,1506.0,85.6,13.8,9.5,4.3,0.5,10067278,94799,39859,3.977992348
2014,4,Hawaii,1.5,1.0,1.7,2.4,11.5,28.2,53.7,531.3,2173.0,1.9,4.5,3.1,7.9,15.2,16.8,26.5,24.1,100.636,1423.0,79.5,20.0,16.4,3.6,0.5,1414538,6295,-1855,-1.314306707
2014,4,Idaho,3.6,11.2,24.4,22.2,22.1,12.1,4.5,172.7,1138.0,2.1,8.5,8.5,14.8,23.9,16.6,15.5,10.0,65.438,1290.0,84.0,15.7,11.2,4.6,0.3,1631112,19906,9804,6.047525257999999
2014,2,Illinois,5.4,15.2,17.0,16.9,21.0,16.0,8.4,183.9,1584.0,2.1,5.8,5.8,10.5,18.4,16.7,21.4,19.2,85.072,4354.0,83.1,16.4,13.2,3.2,0.5,12884493,-10636,-65886,-5.111479137
2014,2,Indiana,7.2,25.1,26.6,17.4,14.2,7.3,2.2,132.0,1082.0,2.0,7.4,7.8,14.3,23.4,17.8,17.8,9.5,69.207,1154.0,85.0,14.5,11.4,3.1,0.5,6593644,24931,1883,0.28611896800000003
2014,2,Iowa,7.3,22.6,23.5,18.1,17.8,8.5,2.3,142.7,1173.0,1.7,6.0,6.1,12.3,22.8,18.7,20.6,11.8,76.19800000000002,2118.0,85.4,14.0,10.0,4.0,0.7,3109350,16353,5857,1.888639897
2014,2,Kansas,8.7,21.3,21.2,18.1,17.9,9.9,2.9,147.2,1256.0,1.7,5.9,6.0,11.5,22.1,18.8,20.5,13.5,78.366,2001.0,88.9,10.6,7.9,2.7,0.5,2900475,7263,-6531,-2.254522897
2014,3,Kentucky,7.7,21.8,25.1,18.2,16.3,8.2,2.8,140.3,1100.0,3.0,9.0,7.7,13.6,22.2,17.2,17.6,9.7,68.29899999999999,1233.0,84.3,15.2,11.6,3.6,0.5,4414349,9690,-2109,-0.478285086
2014,3,Louisiana,7.8,15.6,20.1,21.3,20.1,11.3,3.7,162.4,1178.0,2.8,8.9,7.6,12.4,19.2,15.7,20.0,13.5,73.333,911.0,90.4,9.0,6.4,2.7,0.5,4644013,19486,-1121,-0.241893545
2014,1,Maine,5.3,11.6,16.5,21.5,25.7,14.1,5.2,186.8,1322.0,2.3,7.3,8.8,11.8,21.8,18.4,18.8,10.8,71.874,2500.0,80.1,19.5,17.0,2.5,0.4,1330513,2504,3314,2.493114595
2014,3,Maryland,3.2,3.2,6.6,11.2,26.2,30.9,18.6,297.9,1903.0,1.7,3.8,3.8,7.5,15.7,15.2,24.4,27.9,103.122,3267.0,79.4,19.6,15.0,4.7,0.9,5957283,34095,6647,1.118979206
2014,1,Massachusetts,2.8,1.2,4.2,8.9,23.2,36.4,23.2,343.5,2014.0,1.5,4.0,3.9,6.9,14.6,15.1,25.0,28.9,105.884,4106.0,79.5,19.7,16.2,3.5,0.7,6762596,49281,33166,4.922264625
2014,2,Michigan,10.2,22.9,20.5,17.3,16.3,9.6,3.1,140.2,1217.0,2.3,7.4,7.3,12.8,21.9,16.8,19.1,12.4,72.702,2325.0,83.1,16.4,13.1,3.3,0.5,9929848,16783,-5336,-0.53782426
2014,2,Minnesota,4.4,8.5,16.8,21.4,26.0,17.0,5.9,197.2,1454.0,1.4,4.5,5.3,10.2,19.9,18.0,23.0,17.6,86.001,2266.0,80.6,18.7,13.7,5.0,0.7,5451079,37600,9176,1.689162136
2014,3,Mississippi,11.2,27.0,20.7,17.7,14.6,7.0,1.7,126.3,1079.0,3.9,10.9,10.1,14.4,20.6,16.2,15.9,8.0,62.004,1047.0,90.4,9.2,7.0,2.2,0.3,2990468,1757,-6380,-2.1340722530000003
2014,2,Missouri,7.5,19.8,23.0,18.3,18.4,9.4,3.6,149.3,1187.0,2.4,7.0,7.6,13.1,22.3,17.8,18.3,11.6,71.914,1485.0,87.1,12.4,9.2,3.2,0.5,6056202,15487,-2775,-0.458794584
2014,4,Montana,4.3,7.7,12.3,20.5,29.5,19.2,6.6,215.2,1251.0,2.4,7.5,7.8,13.6,23.6,16.6,18.3,10.2,69.249,1792.0,88.3,11.4,8.6,2.8,0.3,1021869,8300,5238,5.146803783999999
2014,2,Nebraska,6.2,18.7,28.9,17.9,17.5,8.1,2.7,143.9,1261.0,1.3,5.1,6.2,11.5,22.6,19.6,21.6,12.0,78.285,2666.0,87.9,11.7,8.1,3.6,0.4,1879321,14042,3339,1.78336805
2014,4,Nevada,4.5,9.5,15.8,20.4,26.5,17.5,5.8,199.3,1331.0,2.4,6.9,7.4,12.8,22.5,17.2,18.7,12.1,72.219,1472.0,88.1,11.3,8.0,3.3,0.6,2817628,41658,27307,9.763661958
2014,1,New Hampshire,3.2,3.5,9.1,18.7,34.6,24.3,6.5,242.4,1828.0,1.1,3.7,4.7,8.4,17.9,17.3,25.2,21.7,95.114,5408.0,81.2,18.2,15.2,3.1,0.5,1333341,6719,5779,4.345173222
2014,1,New Jersey,3.1,2.2,5.4,10.6,23.8,34.0,20.8,322.5,2313.0,1.7,4.1,3.8,7.1,14.2,14.5,24.5,30.3,107.452,7625.0,81.0,18.3,15.6,2.7,0.8,8864525,7553,-25416,-2.868380702
2014,4,New Mexico,6.4,12.0,20.1,21.4,21.2,13.3,5.6,172.7,1195.0,3.6,9.8,7.9,13.7,20.5,17.5,16.1,11.0,67.616,1400.0,89.1,10.4,6.2,4.2,0.5,2089568,-2705,-11999,-5.738620861
2014,1,New York,3.7,10.2,11.3,10.1,14.8,26.1,23.9,299.5,1982.0,2.0,4.9,4.7,8.6,17.0,15.9,22.7,24.3,94.497,4982.0,83.0,16.5,14.4,2.1,0.5,19651049,26602,-61469,-3.1301450660000003
2014,3,North Carolina,5.4,15.3,21.3,18.7,20.0,13.7,5.7,168.1,1224.0,2.3,8.1,7.7,13.3,21.3,16.6,17.9,12.8,71.498,1461.0,82.6,16.7,13.4,3.3,0.6,9932887,89551,52201,5.279167817
2014,2,North Dakota,5.3,12.8,18.9,18.3,25.9,14.7,4.1,181.9,1267.0,1.1,2.8,4.3,9.5,21.1,20.1,23.4,17.7,87.052,1884.0,86.9,12.5,9.1,3.4,0.6,737401,15365,10275,14.08077224
2014,2,Ohio,6.7,24.5,23.7,18.1,16.0,8.3,2.6,138.6,1211.0,2.1,6.9,6.9,12.3,21.9,17.4,19.8,12.6,74.778,2250.0,81.7,17.8,14.0,3.8,0.5,11602700,26016,-649,-0.055998037
2014,3,Oklahoma,8.5,23.8,24.5,18.5,15.1,6.7,2.9,135.7,1143.0,2.4,7.5,7.7,12.3,22.6,17.1,18.6,11.7,71.619,1286.0,92.4,7.2,4.0,3.2,0.3,3878187,24973,10632,2.750342402
2014,4,Oregon,4.1,3.8,9.7,16.3,30.2,25.7,10.3,249.6,1500.0,2.0,6.4,5.9,11.7,21.1,17.8,20.7,14.2,78.44,2710.0,83.3,15.8,11.5,4.4,0.8,3963244,40776,28978,7.3494948839999985
2014,1,Pennsylvania,5.5,14.8,17.6,18.3,22.0,15.7,6.1,178.8,1400.0,2.1,6.2,5.9,11.0,20.4,17.5,21.0,15.9,80.658,2856.0,81.3,18.1,15.4,2.7,0.6,12788313,12004,-2067,-0.16170784800000002
2014,1,Rhode Island,3.1,2.9,11.2,20.3,30.9,23.4,8.3,237.1,1745.0,1.5,4.2,5.5,10.1,19.2,17.5,22.1,19.9,87.161,3905.0,77.2,22.3,17.8,4.4,0.5,1055936,855,-70,-0.066318746
2014,3,South Carolina,7.6,17.3,21.7,17.9,18.2,11.3,6.0,158.3,1164.0,3.0,9.2,8.1,13.6,21.0,17.2,17.3,10.6,68.08,936.0,86.8,12.8,9.6,3.1,0.4,4823617,59537,46059,9.607938172999999
2014,2,South Dakota,7.2,15.4,22.8,21.7,20.0,10.2,2.8,158.0,1201.0,1.2,5.3,6.1,13.1,24.2,20.7,19.6,9.8,75.138,2069.0,87.5,11.8,9.1,2.7,0.6,849129,6813,1451,1.715692795
2014,3,Tennessee,6.4,19.6,22.7,18.2,17.4,10.8,4.9,152.9,1167.0,2.8,9.2,8.4,14.1,21.5,16.3,16.5,11.1,66.987,1174.0,86.8,12.8,9.0,3.8,0.4,6541223,46883,29657,4.550167875
2014,3,Texas,6.2,18.4,21.5,18.6,17.6,12.2,5.5,158.8,1419.0,2.1,6.5,5.8,10.3,18.8,16.0,21.4,19.1,84.34700000000002,3223.0,93.7,6.1,3.5,2.5,0.3,26964333,484067,267305,10.00306879
2014,4,Utah,3.8,2.6,13.2,20.2,31.3,21.3,7.5,226.9,1393.0,1.6,4.5,5.4,10.7,24.4,19.8,20.5,13.2,79.053,1488.0,85.0,14.5,9.4,5.1,0.5,2936879,39239,4911,1.68342926
2014,1,Vermont,3.6,5.6,12.7,20.5,31.6,20.7,5.4,221.9,1504.0,1.8,6.4,6.2,12.8,21.7,19.1,20.4,11.7,76.36399999999998,3920.0,81.5,17.8,15.5,2.4,0.7,625214,-996,-1433,-2.290191014
2014,3,Virginia,3.5,5.5,10.2,14.0,22.2,25.3,19.2,272.6,1664.0,1.6,5.1,4.7,9.1,17.2,15.6,22.3,24.4,94.243,2209.0,81.0,18.3,14.0,4.3,0.8,8310993,58566,18287,2.208118855
2014,4,Washington,3.1,3.3,8.5,13.9,27.3,27.3,16.6,276.2,1673.0,1.9,4.9,5.1,9.3,19.0,17.0,22.8,20.0,88.146,2867.0,83.2,16.1,12.1,4.0,0.6,7054655,90670,54672,7.799900704
2014,3,West Virginia,9.7,27.4,23.2,16.0,15.2,6.9,1.5,127.2,945.0,3.1,9.0,8.4,15.0,23.1,16.8,16.3,8.3,65.023,737.0,89.0,10.7,8.5,2.1,0.4,1849489,-4425,-3296,-1.779984517
2014,2,Wisconsin,4.0,13.9,22.1,21.6,22.7,12.3,3.4,169.7,1373.0,1.7,5.7,6.1,11.9,22.4,19.2,21.0,12.0,77.336,3323.0,81.5,17.8,13.6,4.2,0.7,5751525,14771,-2421,-0.421473051
2014,4,Wyoming,4.9,5.9,13.4,21.9,30.2,17.1,6.6,211.9,1311.0,1.3,6.0,5.0,10.7,18.4,19.7,26.6,12.2,83.899,1277.0,89.0,10.3,7.0,3.3,0.7,582531,409,-2805,-4.816885373
2014,X,Puerto Rico,2.7,19.3,33.9,21.8,14.3,5.5,2.6,140.2,883.0,9.2,22.6,14.7,17.8,18.6,6.6,6.7,3.7,37.469,723.0,96.7,3.1,0.9,2.1,0.2,3534874,-58203,-65089,-18.26303239
2015,3,Alabama,6.5,21.6,57.3,10.7,2.5,0.8,0.6,151.8,0.1,2.8,8.8,7.5,12.8,21.8,16.3,18.1,11.8,70.359,,87.9,11.8,8.4,3.3,0.4,4852347,10548,3036,0.626357391
2015,4,Alaska,1.5,2.3,54.6,33.0,6.7,1.4,0.4,276.1,0.0,1.2,2.9,3.2,8.7,16.4,16.7,25.7,25.1,100.776,,91.1,8.6,7.1,1.5,0.4,737498,1215,-5893,-7.997117618
2015,4,Arizona,2.7,9.1,60.0,19.2,5.7,1.7,1.5,211.6,0.1,3.1,7.3,7.0,12.2,20.6,16.1,18.6,15.0,74.562,,87.7,11.8,8.8,3.0,0.5,6829676,99263,65072,9.597577125
2015,3,Arkansas,7.7,23.9,57.1,7.9,2.1,0.7,0.6,135.9,0.2,3.0,9.5,9.3,14.3,21.7,15.5,16.5,10.2,65.687,,93.5,6.4,4.0,2.4,0.2,2978048,10656,3197,1.075446056
2015,4,California,1.1,1.7,22.2,30.5,22.0,10.7,11.9,462.0,0.0,2.0,5.1,4.6,8.2,15.4,14.5,22.2,28.0,100.223,,83.6,15.7,12.0,3.6,0.8,38918045,321073,76932,1.984957315
2015,4,Colorado,1.9,3.2,47.4,31.7,10.5,3.0,2.4,291.0,0.1,1.7,5.0,4.7,9.9,17.7,17.0,23.0,21.0,90.424,,83.8,15.6,10.7,4.9,0.6,5450623,100522,69676,12.90209805
2015,1,Connecticut,1.3,3.0,52.1,26.6,9.1,3.3,4.6,275.8,0.0,1.5,3.8,3.6,7.7,14.3,15.4,24.2,29.5,105.39,,79.5,20.0,16.1,3.8,0.6,3587122,-7402,-13488,-3.756241953
2015,3,Delaware,1.8,3.5,60.4,27.8,4.1,1.1,1.2,247.8,0.0,1.7,6.7,5.5,10.3,18.7,18.5,20.7,18.0,85.274,,83.7,15.6,12.5,3.1,0.6,941252,8765,6290,6.71384862
2015,3,District of Columbia,1.2,0.5,16.7,24.1,24.7,17.1,15.7,575.2,0.0,1.4,4.0,3.4,5.3,9.7,11.0,19.6,45.6,136.438,,82.3,17.1,12.9,4.2,0.6,675400,13072,8225,12.29696919
2015,3,Florida,3.5,13.0,57.3,17.5,5.1,1.6,1.9,195.3,0.1,3.1,8.5,7.7,13.0,20.2,15.9,17.4,14.2,71.33800000000002,,86.1,13.4,10.5,2.9,0.6,20209042,363131,330283,16.49149357
2015,3,Georgia,4.3,16.1,58.1,14.4,4.8,1.2,1.0,170.1,0.1,2.7,7.2,6.8,11.7,20.2,15.5,19.8,16.1,76.64399999999998,,86.4,13.2,9.0,4.2,0.4,10178447,111169,57895,5.719232085
2015,4,Hawaii,0.9,0.7,12.6,26.2,31.6,15.8,12.2,575.8,0.0,1.8,3.2,3.6,6.9,14.4,16.7,26.4,27.0,105.395,,79.0,20.3,17.1,3.2,0.7,1422052,7514,450,0.317282371
2015,4,Idaho,2.6,8.5,69.5,14.9,2.8,1.2,0.5,183.6,0.0,3.8,8.9,8.6,13.5,21.6,16.2,18.9,8.5,66.398,,85.5,13.7,10.1,3.5,0.8,1651059,19947,9761,5.947892416
2015,2,Illinois,3.7,14.3,55.5,17.3,5.5,1.8,1.7,193.7,0.1,1.8,5.5,5.4,9.9,18.4,16.4,22.1,20.5,87.37700000000002,,84.3,15.1,12.1,3.0,0.5,12858913,-25580,-77601,-6.028805979
2015,2,Indiana,5.2,25.0,58.8,8.1,1.8,0.5,0.5,137.9,0.1,1.7,7.0,7.4,13.6,22.2,18.0,19.0,11.0,72.158,,86.0,13.6,10.6,3.0,0.4,6608422,14778,-6171,-0.934853681
2015,2,Iowa,5.9,22.6,60.1,8.6,1.9,0.5,0.4,145.8,0.1,1.4,5.3,6.1,11.8,22.7,19.8,21.3,11.6,77.515,,85.1,14.4,10.5,3.9,0.5,3120960,11610,1767,0.567226992
2015,2,Kansas,6.7,20.3,58.7,10.7,2.4,0.7,0.6,155.4,0.1,1.3,5.5,5.7,11.7,21.4,17.9,22.7,13.8,80.273,,88.7,10.8,8.0,2.8,0.5,2909011,8536,-3838,-1.321287288
2015,3,Kentucky,6.5,22.2,59.6,8.7,1.9,0.6,0.5,143.1,0.2,3.0,8.4,7.9,13.0,22.0,17.4,17.5,10.7,69.722,,85.4,14.2,11.5,2.6,0.4,4425976,11627,2142,0.484597569
2015,3,Louisiana,5.6,14.3,63.9,11.6,3.0,0.9,0.7,172.6,0.2,2.7,8.1,6.7,11.1,19.2,16.6,21.0,14.6,77.49,,90.6,9.0,6.4,2.5,0.4,4664628,20615,242,0.0519947
2015,1,Maine,3.1,12.1,64.7,14.8,3.7,0.9,0.6,190.9,0.1,1.7,7.6,6.4,12.3,23.6,17.9,19.0,11.5,72.773,,82.2,17.3,15.1,2.2,0.5,1328262,-2251,-630,-0.473902455
2015,3,Maryland,1.2,3.1,44.1,32.4,12.7,3.6,2.7,307.3,0.0,1.8,3.7,4.0,7.1,15.1,14.7,24.3,29.2,105.362,,81.3,17.8,14.0,3.8,0.9,5985562,28279,1645,0.275478749
2015,1,Massachusetts,1.0,1.3,35.2,37.1,15.8,5.4,4.2,355.1,0.0,1.5,4.1,3.6,6.8,14.7,15.1,24.6,29.6,106.387,,80.4,19.1,16.1,2.9,0.6,6794228,31632,17709,2.612558812
2015,2,Michigan,7.8,20.7,57.3,10.5,2.6,0.6,0.6,151.0,0.1,2.4,7.0,7.0,12.3,21.1,17.2,19.5,13.5,75.257,,84.9,14.8,12.0,2.8,0.4,9931715,1867,-15172,-1.52777503
2015,2,Minnesota,2.7,7.8,64.3,18.8,4.3,1.2,1.0,209.3,0.1,1.2,4.4,4.8,9.7,19.3,18.3,23.6,18.7,88.70700000000002,,82.1,17.2,12.6,4.7,0.7,5482032,30953,4535,0.8295900409999999
2015,3,Mississippi,9.7,25.4,55.6,7.4,1.2,0.4,0.3,134.8,0.1,4.3,11.0,8.7,13.2,20.6,16.4,17.2,8.6,65.185,,91.1,8.7,6.5,2.2,0.2,2988471,-1997,-9109,-3.047028913
2015,2,Missouri,5.5,19.3,60.7,10.5,2.6,0.8,0.6,155.6,0.1,1.9,6.8,7.1,12.8,20.9,17.4,20.2,13.1,75.652,,88.3,11.4,8.6,2.9,0.3,6071732,15530,744,0.122691961
2015,4,Montana,3.1,6.5,62.7,19.5,5.1,1.6,1.6,226.0,0.0,2.4,7.4,7.4,11.5,23.2,17.2,20.3,10.5,72.042,,88.5,11.0,7.9,3.0,0.6,1030475,8606,5659,5.514670055
2015,2,Nebraska,4.5,18.2,65.2,9.3,1.8,0.5,0.5,149.8,0.1,1.8,5.5,5.0,11.2,21.3,18.4,23.0,13.9,81.39399999999998,,87.7,11.8,8.3,3.5,0.5,1891277,11956,1748,0.927173886
2015,4,Nevada,2.0,6.2,61.6,22.7,4.5,1.5,1.5,230.0,0.0,2.3,6.0,6.0,12.8,21.3,17.7,19.8,14.1,76.75,,88.0,11.6,8.1,3.5,0.4,2866939,49311,35254,12.40340733
2015,1,New Hampshire,1.7,3.4,60.5,27.0,5.3,1.3,0.7,252.1,0.0,1.4,3.6,3.8,8.0,16.1,17.4,26.3,23.3,99.351,,82.5,17.0,14.4,2.7,0.5,1336350,3009,2752,2.061661818
2015,1,New Jersey,1.1,2.5,40.2,34.1,14.0,4.7,3.4,329.1,0.0,1.6,3.8,3.6,6.9,13.8,13.9,24.3,32.1,110.359,,82.2,17.2,14.6,2.6,0.5,8867949,3424,-27315,-3.080788389
2015,4,New Mexico,5.3,10.3,64.2,13.8,4.0,1.3,1.1,180.2,0.1,3.8,9.3,8.8,12.1,20.0,16.4,17.7,11.9,69.516,,90.6,9.1,6.0,3.1,0.3,2089291,-277,-8695,-4.16142301
2015,1,New York,2.4,9.9,36.1,26.2,14.4,5.4,5.7,311.7,0.0,1.8,4.8,4.4,8.3,16.4,15.5,23.3,25.5,97.596,,83.9,15.5,13.4,2.1,0.7,19654666,3617,-82040,-4.174456564
2015,3,North Carolina,3.4,14.8,61.0,14.3,4.1,1.2,1.2,172.9,0.1,2.5,7.4,7.9,12.8,20.6,16.4,18.7,13.8,73.118,,84.0,15.5,12.9,2.6,0.5,10031646,98759,66008,6.612526324
2015,2,North Dakota,4.3,9.3,63.1,20.0,2.4,0.4,0.5,207.7,0.1,0.9,4.7,3.6,9.3,18.5,17.6,26.2,19.3,93.014,,88.5,10.8,8.1,2.7,0.7,754066,16665,11421,15.31512263
2015,2,Ohio,5.3,23.4,59.0,9.4,1.9,0.6,0.4,145.7,0.1,1.8,6.5,6.6,12.1,21.1,17.5,20.9,13.5,77.045,,82.5,17.1,13.7,3.4,0.5,11617527,14827,-5808,-0.500253507
2015,3,Oklahoma,6.9,23.2,58.3,8.7,1.8,0.5,0.7,141.5,0.1,2.6,7.7,6.7,12.7,21.8,17.3,18.6,12.5,72.346,,93.1,6.5,3.9,2.7,0.4,3909500,31313,17574,4.5132784610000005
2015,4,Oregon,2.1,2.8,52.2,29.9,9.1,2.5,1.5,274.9,0.0,2.0,5.7,6.4,10.6,20.7,17.6,21.2,15.8,80.882,,84.7,14.7,11.1,3.6,0.6,4015792,52548,41961,10.51781193
2015,1,Pennsylvania,3.9,14.6,58.3,16.7,4.3,1.3,1.0,185.1,0.1,1.9,5.8,5.6,10.5,20.0,17.8,21.5,16.9,82.411,,82.1,17.3,14.6,2.7,0.6,12784826,-3487,-11862,-0.927692138
2015,1,Rhode Island,1.5,2.2,62.5,24.6,6.0,1.7,1.4,240.2,0.0,1.6,4.5,5.0,9.6,16.2,17.8,24.1,21.2,91.787,,81.5,17.9,14.8,3.1,0.6,1056065,129,-620,-0.587120934
2015,3,South Carolina,5.3,16.7,59.3,12.3,4.0,1.5,1.0,162.9,0.2,3.1,8.3,7.6,13.2,21.6,17.2,17.9,11.1,70.285,,88.1,11.5,8.9,2.6,0.4,4891938,68321,56354,11.60077834
2015,2,South Dakota,5.8,13.6,63.4,13.5,2.2,0.7,0.6,169.0,0.2,1.3,4.9,6.2,11.6,22.7,21.3,20.7,11.3,77.884,,88.8,10.7,8.3,2.5,0.5,853988,4859,387,0.45446085
2015,3,Tennessee,4.4,18.8,59.0,12.6,3.3,1.0,0.9,159.7,0.1,2.6,8.2,7.6,13.7,21.9,16.1,17.8,12.1,70.221,,88.7,11.0,8.2,2.7,0.4,6591170,49947,34080,5.19021933
2015,3,Texas,4.3,16.1,58.8,14.0,4.2,1.3,1.3,169.3,0.0,1.9,5.9,5.7,9.9,18.4,15.7,22.1,20.4,87.12100000000002,,93.9,5.9,3.7,2.2,0.2,27470056,505723,289708,10.64430061
2015,4,Utah,1.8,2.5,64.2,23.8,5.2,1.6,0.9,237.7,0.0,1.5,4.1,4.9,10.8,22.1,19.5,22.2,14.9,82.235,,85.5,13.9,9.4,4.6,0.6,2981835,44956,11419,3.858608475
2015,1,Vermont,2.5,5.9,62.6,21.9,4.6,1.3,1.1,230.6,0.0,1.6,7.6,5.5,10.6,21.0,18.5,22.1,13.1,80.377,,81.9,17.7,15.8,1.8,0.4,625216,2,-18,-0.028790096
2015,3,Virginia,1.8,5.5,47.0,25.9,12.6,4.6,2.7,280.0,0.0,1.9,4.9,4.6,8.7,17.2,15.2,22.2,25.3,95.441,,82.3,17.1,13.4,3.7,0.6,8361808,50815,12684,1.521519989
2015,4,Washington,1.7,2.6,47.4,28.8,12.4,4.3,2.7,293.3,0.0,1.8,4.1,4.7,9.1,18.1,17.5,23.2,21.5,91.864,,84.5,15.1,11.4,3.6,0.5,7163657,109002,73996,10.4085492
2015,3,West Virginia,8.2,26.1,55.9,7.6,1.6,0.4,0.2,134.8,0.4,2.7,8.8,7.7,14.7,22.0,17.4,17.5,9.2,67.771,,89.5,10.3,8.7,1.7,0.2,1842050,-7439,-4710,-2.5517812490000003
2015,2,Wisconsin,2.8,13.8,66.5,13.0,2.7,0.6,0.7,173.7,0.0,1.5,5.1,5.8,10.7,22.3,19.8,22.1,12.8,80.52,,81.9,17.5,13.6,3.8,0.7,5760940,9415,-6152,-1.068754606
2015,4,Wyoming,3.4,5.1,67.0,18.3,3.7,1.0,1.5,225.0,0.2,1.7,5.6,5.0,9.0,20.4,17.7,28.7,11.8,85.149,,90.8,8.9,5.5,3.4,0.3,585613,3082,121,0.20716624
2015,X,Puerto Rico,1.7,19.8,72.4,4.4,0.9,0.5,0.4,137.8,1.2,8.5,23.0,13.8,17.5,18.3,8.9,6.0,4.0,38.822,,97.4,2.4,0.6,1.9,0.2,3473232,-61642,-64757,-18.48059947
2016,3,Alabama,6.6,19.7,58.8,11.0,2.4,0.9,0.6,153.9,0.1,3.1,8.8,7.5,11.9,19.8,17.5,18.3,13.1,73.126,,88.7,10.8,8.0,2.8,0.4,4863525,11178,3620,0.745172435
2016,4,Alaska,2.0,2.4,49.7,36.0,7.7,1.5,0.6,286.6,0.0,1.6,2.8,3.1,6.6,16.3,14.5,29.2,25.9,106.84,,91.5,8.0,5.3,2.7,0.5,741456,3958,-2882,-3.897349072
2016,4,Arizona,2.6,7.4,60.0,21.2,5.6,1.8,1.4,222.9,0.1,2.9,7.0,6.5,11.7,20.1,16.4,19.2,16.1,77.219,,88.7,10.9,8.2,2.7,0.3,6941072,111396,82382,11.96478216
2016,3,Arkansas,7.3,23.3,57.8,8.6,1.8,0.7,0.5,139.7,0.2,2.4,8.1,8.0,14.0,22.2,16.1,17.9,11.2,69.016,,92.8,6.7,4.6,2.1,0.4,2989918,11870,4435,1.486268521
2016,4,California,1.1,1.4,19.4,29.4,23.1,12.0,13.7,491.1,0.0,2.0,4.7,4.2,7.8,14.8,14.1,21.8,30.6,103.266,,84.2,15.2,12.0,3.1,0.7,39167117,249072,19523,0.500043786
2016,4,Colorado,1.6,2.4,41.1,35.5,13.1,3.7,2.6,322.1,0.0,1.7,4.8,5.0,9.1,17.9,16.8,22.3,22.5,91.592,,85.2,14.4,10.7,3.7,0.4,5539215,88592,58435,10.63436968
2016,1,Connecticut,1.3,2.4,50.8,28.5,8.9,3.4,4.7,281.8,0.0,1.3,3.1,3.4,6.7,14.3,15.0,24.9,31.2,109.821,,80.8,18.5,15.2,3.3,0.7,3578141,-8981,-14824,-4.137740652
2016,3,Delaware,1.3,3.4,61.7,26.9,4.4,1.5,0.8,246.5,0.0,2.9,4.9,5.4,9.8,19.2,16.6,23.5,17.5,85.415,,85.2,14.1,11.4,2.7,0.8,948921,7669,5087,5.382576092000001
2016,3,District of Columbia,0.8,0.9,13.8,24.2,25.2,18.0,17.2,602.7,0.0,2.7,3.9,2.5,4.3,9.0,9.9,20.1,47.6,143.414,,84.3,15.1,11.2,3.9,0.6,685815,10415,5508,8.092770062
2016,3,Florida,3.4,10.6,57.2,19.4,5.5,1.8,2.0,213.8,0.1,2.9,8.1,7.3,12.5,19.8,15.8,18.3,15.3,74.005,,87.2,12.3,9.7,2.6,0.5,20613477,404435,372675,18.25830493
2016,3,Georgia,5.0,13.7,58.0,15.6,5.1,1.6,1.2,179.6,0.1,2.8,6.3,5.8,10.8,19.8,16.1,20.4,18.0,81.035,,87.6,11.9,8.6,3.3,0.5,10301890,123443,72782,7.107500233
2016,4,Hawaii,0.9,0.5,12.5,24.7,30.6,18.0,12.8,592.7,0.0,1.9,3.8,3.8,6.4,14.5,16.0,24.1,29.6,106.629,,79.7,19.4,16.7,2.7,1.0,1427559,5507,-1857,-1.303335789
2016,4,Idaho,2.0,7.1,67.4,17.8,3.7,1.1,0.9,196.8,0.1,3.0,7.0,7.2,12.6,23.4,17.3,18.7,10.8,70.991,,87.1,12.4,8.7,3.8,0.4,1682380,31321,21910,13.14558329
2016,2,Illinois,3.6,13.6,55.0,18.3,5.7,2.1,1.7,200.0,0.0,2.2,5.4,5.1,9.7,17.0,16.5,22.4,21.8,90.533,,86.1,13.5,11.0,2.5,0.4,12820527,-38386,-88670,-6.905913836
2016,2,Indiana,5.0,23.0,60.1,8.8,2.1,0.5,0.4,142.9,0.2,2.0,6.4,6.6,12.5,22.1,18.2,19.5,12.6,75.39,,86.1,13.5,10.8,2.6,0.4,6634304,25882,4600,0.6947210109999999
2016,2,Iowa,4.9,21.3,59.9,10.8,2.0,0.7,0.3,152.2,0.1,1.7,5.1,6.0,11.4,20.8,19.7,22.0,13.4,81.234,,85.8,13.7,10.3,3.5,0.5,3131371,10411,166,0.053100196
2016,2,Kansas,6.6,20.1,57.5,11.2,3.1,1.0,0.5,158.7,0.1,1.9,5.2,5.9,11.1,20.9,17.7,22.1,15.2,81.296,,89.7,10.0,7.7,2.4,0.2,2910844,1833,-10521,-3.615553996
2016,3,Kentucky,6.0,19.9,60.9,9.7,2.3,0.7,0.6,149.1,0.3,2.7,8.1,7.0,12.6,20.9,17.3,19.4,12.1,73.377,,85.7,13.9,11.3,2.6,0.5,4438182,12206,3343,0.754273559
2016,3,Louisiana,5.6,13.2,63.0,13.0,3.3,0.9,1.0,173.2,0.2,2.8,8.1,6.8,11.0,19.3,15.8,20.4,15.7,77.908,,91.1,8.5,6.3,2.2,0.4,4678135,13507,-6727,-1.440045092
2016,1,Maine,3.2,10.8,63.7,16.6,4.0,0.8,0.9,199.2,0.1,2.1,7.1,6.5,11.2,21.3,17.9,21.1,12.7,77.452,,83.4,16.2,13.8,2.5,0.4,1331317,3055,4626,3.478746072
2016,3,Maryland,1.6,3.1,42.1,33.3,13.0,4.1,2.8,315.6,0.0,1.6,3.9,3.5,6.7,14.8,14.7,24.0,30.8,108.107,,82.3,17.2,13.8,3.3,0.5,6003323,17761,-8296,-1.383948549
2016,1,Massachusetts,0.9,1.1,31.9,37.4,17.9,5.9,4.9,373.3,0.0,1.4,3.2,3.3,6.4,13.4,14.4,24.8,33.0,113.106,,79.7,19.8,16.8,3.0,0.5,6823608,29380,14092,2.069638671
2016,2,Michigan,6.9,18.5,57.7,12.6,2.8,0.8,0.6,159.7,0.1,2.2,6.4,6.9,11.6,20.5,16.7,20.8,14.9,78.235,,85.8,13.8,11.3,2.5,0.4,9950571,18856,573,0.05763924700000001
2016,2,Minnesota,2.6,6.9,62.2,20.9,5.1,1.4,1.0,221.7,0.1,1.4,4.4,4.6,9.1,18.2,17.6,24.2,20.5,91.862,,83.3,16.3,12.2,4.0,0.4,5522744,40712,13722,2.493826317
2016,3,Mississippi,9.0,24.9,55.8,7.7,1.6,0.5,0.6,137.3,0.1,3.9,9.5,8.3,12.3,20.3,17.2,17.4,11.0,68.744,,91.7,8.1,5.6,2.5,0.2,2987938,-533,-7182,-2.403449965
2016,2,Missouri,5.1,17.3,61.7,11.5,3.0,0.9,0.6,161.7,0.1,2.1,5.9,6.7,12.5,20.8,17.7,20.2,14.2,77.479,,88.5,11.3,8.3,2.9,0.3,6087135,15403,-205,-0.033720247
2016,4,Montana,3.6,6.3,58.8,22.4,6.1,1.2,1.5,233.3,0.3,1.8,6.6,7.5,12.8,23.1,17.3,18.6,12.3,72.303,,89.3,10.4,7.7,2.7,0.4,1040859,10384,7845,7.574828589
2016,2,Nebraska,3.8,15.9,65.5,11.6,2.2,0.6,0.4,158.0,0.0,1.2,4.4,5.4,10.7,20.3,17.9,24.0,16.0,85.963,,88.4,11.1,8.1,3.0,0.5,1905616,14339,3908,2.058525221
2016,4,Nevada,1.8,4.6,59.1,25.9,5.6,1.6,1.5,246.7,0.0,2.6,5.6,6.6,11.3,21.1,17.3,20.8,14.7,78.642,,89.4,10.1,7.4,2.7,0.5,2917563,50624,37516,12.9712117
2016,1,New Hampshire,2.2,2.9,58.7,28.1,5.9,1.2,1.1,259.6,0.0,1.1,3.3,3.9,6.6,17.6,17.8,24.6,25.2,99.597,,83.4,16.3,13.8,2.5,0.4,1342307,5957,5489,4.098322406
2016,1,New Jersey,1.2,2.2,38.8,34.4,14.9,5.0,3.4,335.7,0.0,1.6,4.0,3.3,6.3,12.8,13.6,24.0,34.5,115.384,,83.3,16.1,14.0,2.1,0.6,8870827,2878,-28928,-3.2615553630000003
2016,4,New Mexico,4.2,11.2,65.2,14.3,3.1,1.5,0.5,179.8,0.1,3.9,10.0,6.5,13.2,20.4,16.0,17.9,12.1,68.84899999999999,,90.7,9.0,5.4,3.7,0.3,2091630,2339,-4728,-2.261702625
2016,1,New York,2.3,9.0,35.6,26.0,14.5,5.6,6.9,321.8,0.0,1.8,4.3,4.5,7.6,15.3,15.1,23.6,27.8,101.607,,83.9,15.6,13.7,1.9,0.5,19633428,-21238,-105667,-5.379085073
2016,3,North Carolina,3.2,14.1,60.1,15.8,4.2,1.5,1.0,179.1,0.1,2.4,7.4,6.9,11.9,20.3,17.0,18.7,15.2,76.171,,84.4,15.1,12.4,2.7,0.5,10154788,123142,91339,9.049542876
2016,2,North Dakota,4.6,10.3,62.3,17.9,3.0,1.0,0.8,207.0,0.0,1.0,3.8,4.2,9.3,18.6,19.1,28.1,16.0,90.238,,88.4,10.5,8.0,2.5,1.1,754434,368,-4866,-6.45144183
2016,2,Ohio,4.9,22.2,59.9,9.7,2.2,0.6,0.5,149.4,0.1,2.0,6.3,5.9,11.7,21.1,17.4,21.2,14.5,78.868,,83.6,16.0,13.2,2.7,0.5,11634370,16843,-3903,-0.335714544
2016,3,Oklahoma,6.3,21.3,59.7,9.0,2.4,0.6,0.6,148.9,0.1,2.6,7.1,6.8,11.9,20.8,17.4,19.8,13.6,76.096,,93.3,6.4,3.9,2.5,0.2,3926331,16831,3339,0.852238901
2016,4,Oregon,1.9,2.6,45.3,33.4,11.8,3.3,1.8,301.2,0.0,1.6,5.6,5.4,9.9,19.8,16.7,22.8,18.3,85.79299999999998,,85.5,14.1,11.2,2.9,0.4,4089976,74184,63721,15.72238436
2016,1,Pennsylvania,3.7,13.6,57.9,17.6,5.0,1.2,1.0,191.7,0.1,1.9,5.5,5.6,9.8,19.4,16.8,22.4,18.5,86.03200000000002,,82.7,16.8,14.5,2.3,0.6,12782275,-2551,-12447,-0.973673159
2016,1,Rhode Island,1.6,2.3,59.8,26.2,6.6,2.6,1.0,246.4,0.0,1.4,4.5,4.9,8.9,16.9,16.3,26.6,20.5,94.233,,81.5,17.7,14.6,3.1,0.9,1056770,705,-338,-0.319949262
2016,3,South Carolina,4.9,15.3,59.4,13.3,4.6,1.3,1.2,170.5,0.1,2.7,7.4,7.3,13.0,20.9,16.8,19.0,12.9,72.908,,88.4,11.3,9.0,2.3,0.3,4957968,66030,55364,11.2415286
2016,2,South Dakota,5.9,12.8,63.5,13.2,3.0,0.9,0.7,171.0,0.1,1.1,5.1,5.6,11.0,21.3,23.0,21.5,11.4,81.363,,89.2,10.5,8.0,2.5,0.3,862996,9008,4474,5.211463823
2016,3,Tennessee,4.6,16.7,59.6,13.1,3.9,1.3,0.8,166.7,0.2,2.4,7.5,7.9,12.5,21.6,16.4,18.6,13.0,72.255,,89.1,10.5,7.8,2.7,0.4,6646010,54840,40190,6.072290322000001
2016,3,Texas,4.1,14.6,57.6,16.2,4.6,1.4,1.5,183.3,0.0,2.0,5.5,5.6,9.5,17.9,15.4,22.2,21.7,90.109,,94.4,5.4,3.4,2.0,0.2,27914410,444354,231776,8.369711464
2016,4,Utah,1.5,1.9,59.6,27.4,6.6,1.8,1.2,253.2,0.0,1.4,3.6,4.6,9.9,22.1,18.8,23.4,16.2,85.961,,85.6,14.0,9.8,4.1,0.4,3041868,60033,27156,9.016380788
2016,1,Vermont,2.1,5.5,63.8,21.4,4.7,1.6,0.9,228.8,0.0,1.7,6.2,6.3,10.2,20.3,17.9,22.5,14.9,81.958,,82.4,17.2,15.5,1.6,0.4,623657,-1559,-1566,-2.5078610880000003
2016,3,Virginia,1.8,5.0,46.2,25.9,13.2,4.9,3.0,285.8,0.1,1.7,4.6,4.8,8.6,16.1,14.9,22.2,27.2,98.918,,82.8,16.6,13.0,3.5,0.6,8410106,48298,10683,1.273915428
2016,4,Washington,1.5,2.3,42.2,31.1,13.7,5.6,3.5,320.1,0.0,1.8,4.2,4.4,8.2,17.3,16.3,24.1,23.5,95.645,,84.9,14.6,11.3,3.3,0.5,7294771,131114,95817,13.254138
2016,3,West Virginia,6.9,23.8,58.4,8.7,1.2,0.6,0.4,144.5,0.4,2.8,9.1,7.5,13.3,21.0,17.3,19.0,10.0,70.639,,88.8,10.8,8.6,2.2,0.4,1831023,-11027,-7954,-4.330978448
2016,2,Wisconsin,2.7,12.6,66.2,14.3,2.9,0.8,0.5,179.8,0.0,1.6,5.1,5.3,10.7,21.1,18.8,23.1,14.4,82.406,,82.6,16.7,13.1,3.6,0.6,5772628,11688,-3625,-0.628599927
2016,4,Wyoming,3.4,3.9,65.6,19.9,3.3,1.3,2.6,223.9,0.0,1.7,4.7,4.9,11.7,19.0,18.3,25.1,14.7,85.234,,88.9,10.7,7.4,3.3,0.4,584215,-1398,-4201,-7.182252434
2016,X,Puerto Rico,1.4,21.5,71.0,4.7,0.7,0.3,0.4,134.3,0.5,7.9,22.2,14.3,18.8,18.7,8.3,5.9,3.9,38.01,,97.5,2.3,0.7,1.7,0.2,3406672,-66560,-68278,-19.84853277
2017,3,Alabama,45154.0,134584.0,413329.0,81925.0,21023.0,5464.0,4706.0,158.0,1205.0,19694.0,54860.0,50583.0,83271.0,146556.0,114273.0,145414.0,91534.0,74.553,,629158.0,75725.0,56690.0,19035.0,1302.0,4874486,10961,5309,1.0903664
2017,4,Alaska,2324.0,1966.0,51086.0,37285.0,7595.0,1480.0,561.0,286.9,19.0,1811.0,3137.0,3884.0,7240.0,15288.0,16736.0,27454.0,26747.0,103.942,,93852.0,8092.0,5870.0,2222.0,353.0,739700,-1756,-8141,-10.99276511
2017,4,Arizona,25820.0,58155.0,618612.0,253759.0,70881.0,21698.0,15426.0,238.8,822.0,29096.0,69658.0,67092.0,120361.0,202392.0,171564.0,220445.0,183743.0,80.85300000000002,,962938.0,98283.0,75119.0,23164.0,3130.0,7044008,102936,76071,10.87887949
2017,3,Arkansas,29303.0,92956.0,246125.0,36118.0,7160.0,2800.0,1706.0,142.8,1194.0,12622.0,33571.0,30251.0,53837.0,89343.0,70528.0,73921.0,52095.0,71.081,,389379.0,25376.0,17277.0,8099.0,1413.0,3001345,11427,6020,2.009592969
2017,4,California,48868.0,55518.0,834760.0,1430771.0,1234904.0,658249.0,763074.0,529.0,1023.0,97564.0,224843.0,198282.0,363068.0,691382.0,681502.0,1134975.0,1634528.0,108.609,,4313873.0,684653.0,543911.0,140742.0,27618.0,39358497,191380,-24732,-0.629909115
2017,4,Colorado,14253.0,20445.0,327140.0,399935.0,156075.0,45543.0,31018.0,357.7,158.0,21169.0,40647.0,40402.0,86161.0,162877.0,159994.0,242688.0,240471.0,97.207,,853335.0,136833.0,108834.0,27999.0,4241.0,5611885,72670,44783,8.032032714
2017,1,Connecticut,7102.0,16388.0,316912.0,165248.0,55349.0,21382.0,28861.0,277.9,0.0,8430.0,19243.0,22118.0,43134.0,88146.0,88840.0,148537.0,192794.0,109.56,,496979.0,109972.0,91403.0,18569.0,4291.0,3573297,-4844,-9356,-2.616536702
2017,3,Delaware,3254.0,3448.0,96626.0,46527.0,9708.0,2696.0,1812.0,258.9,7.0,6118.0,7594.0,8816.0,14719.0,30461.0,26078.0,34101.0,36184.0,87.389,,139408.0,23980.0,19361.0,4619.0,683.0,956823,7902,5958,6.25267612
2017,3,District of Columbia,1358.0,505.0,10058.0,23000.0,23233.0,16598.0,15518.0,609.9,0.0,1934.0,4337.0,1919.0,2923.0,9562.0,9283.0,18117.0,42195.0,138.977,,74873.0,14860.0,12763.0,2097.0,537.0,694906,9091,4514,6.538612797000001
2017,3,Florida,85497.0,230743.0,1605911.0,637495.0,176490.0,53938.0,59937.0,232.1,1858.0,82686.0,214525.0,194641.0,343625.0,551073.0,447591.0,542710.0,473160.0,76.655,,2523243.0,316132.0,248347.0,67785.0,10636.0,20963613,350136,324642,15.61638874
2017,3,Georgia,59335.0,177595.0,899267.0,261768.0,86970.0,24851.0,19772.0,191.1,710.0,39021.0,99530.0,89928.0,155557.0,284625.0,243037.0,319362.0,298498.0,84.28399999999998,,1354694.0,169535.0,123641.0,45894.0,5329.0,10410330,108440,60780,5.868999074
2017,4,Hawaii,867.0,748.0,18227.0,37900.0,55281.0,32032.0,27159.0,628.3,6.0,3784.0,5457.0,5180.0,11534.0,22778.0,25243.0,44537.0,53701.0,112.506,,139053.0,31629.0,27338.0,4291.0,1532.0,1424393,-3166,-9805,-6.875992302999999
2017,4,Idaho,5943.0,17401.0,181921.0,59278.0,10403.0,3083.0,2268.0,214.2,291.0,5982.0,17983.0,20164.0,38478.0,66691.0,48567.0,52944.0,29488.0,70.758,,246747.0,32866.0,22463.0,10403.0,684.0,1717715,35335,26525,15.60250522
2017,2,Illinois,70274.0,257803.0,1088733.0,396784.0,119236.0,40911.0,33698.0,208.8,916.0,39223.0,95075.0,94222.0,186557.0,352198.0,326784.0,450051.0,463329.0,92.291,,1742169.0,256830.0,208707.0,48123.0,8440.0,12778828,-41699,-85114,-6.6496987910000005
2017,2,Indiana,53907.0,251649.0,695356.0,117779.0,25648.0,6028.0,6438.0,148.0,935.0,22628.0,77260.0,75115.0,136144.0,244184.0,207800.0,237940.0,155734.0,77.197,,1009811.0,142016.0,114376.0,27640.0,4978.0,6658078,23774,6984,1.050827459
2017,2,Iowa,26956.0,108643.0,331603.0,69138.0,12656.0,3119.0,2067.0,157.9,267.0,8117.0,27868.0,28891.0,61018.0,115429.0,104827.0,128948.0,79084.0,82.626,,476909.0,74009.0,55667.0,18342.0,3264.0,3141550,10179,1941,0.618850453
2017,2,Kansas,25079.0,84493.0,251340.0,58500.0,13406.0,3268.0,2534.0,165.3,243.0,6203.0,19443.0,23257.0,45624.0,89903.0,76745.0,105423.0,72022.0,85.462,,392677.0,44446.0,35809.0,8637.0,1497.0,2908718,-2126,-12486,-4.291044584
2017,3,Kentucky,39667.0,116039.0,414812.0,71167.0,16490.0,5753.0,4008.0,155.6,1252.0,18067.0,49801.0,46117.0,77137.0,135224.0,115417.0,137924.0,88249.0,76.392,,578332.0,86783.0,71294.0,15489.0,2821.0,4452268,14086,7852,1.7663897780000002
2017,3,Louisiana,30229.0,75408.0,379871.0,79048.0,21302.0,5401.0,5286.0,179.7,680.0,18778.0,46909.0,43115.0,63247.0,108862.0,95783.0,126337.0,93514.0,79.133,,545907.0,48683.0,36074.0,12609.0,1955.0,4670560,-7575,-24974,-5.342777789
2017,1,Maine,8567.0,23437.0,155384.0,41897.0,9619.0,2484.0,1913.0,201.2,565.0,3942.0,15713.0,16991.0,25296.0,50172.0,45735.0,53298.0,32154.0,80.029,,204886.0,37410.0,33667.0,3743.0,1005.0,1334612,3295,5443,4.083379565
2017,3,Maryland,18839.0,33657.0,430420.0,370387.0,143368.0,44757.0,31605.0,323.4,41.0,17205.0,40420.0,35815.0,69163.0,147045.0,148281.0,267473.0,347631.0,111.824,,904068.0,163383.0,132897.0,30486.0,5582.0,6023868,20545,-1437,-0.23895854
2017,1,Massachusetts,10234.0,10074.0,334478.0,416900.0,222042.0,76041.0,65788.0,391.5,102.0,13368.0,39969.0,36272.0,68697.0,142394.0,157405.0,275233.0,402219.0,117.542,,927692.0,203521.0,180112.0,23409.0,4344.0,6859789,36181,23785,3.476475907
2017,2,Michigan,103646.0,279498.0,993705.0,234282.0,51987.0,14424.0,11066.0,168.1,1592.0,33649.0,101127.0,106759.0,193727.0,331261.0,289719.0,358918.0,273448.0,80.952,,1469604.0,213938.0,175834.0,38104.0,5066.0,9973114,22543,7780,0.780980025
2017,2,Minnesota,24439.0,65268.0,628497.0,236021.0,58516.0,14280.0,11872.0,232.7,203.0,13291.0,38070.0,44757.0,88227.0,187138.0,176508.0,259728.0,231174.0,95.372,,877149.0,156573.0,115874.0,40699.0,5171.0,5566230,43486,18135,3.270816579
2017,3,Mississippi,31424.0,86009.0,208342.0,32374.0,6099.0,1917.0,1204.0,143.4,984.0,13338.0,34315.0,26651.0,46776.0,77208.0,64544.0,65359.0,39178.0,70.491,,336526.0,29322.0,22584.0,6738.0,1521.0,2988510,572,-4998,-1.672565377
2017,2,Missouri,46983.0,165937.0,601467.0,130085.0,27677.0,9129.0,7591.0,165.6,1257.0,19090.0,61568.0,59173.0,114585.0,202556.0,174122.0,209363.0,148412.0,79.793,,885208.0,100912.0,80084.0,20828.0,2749.0,6106670,19535,7211,1.182731723
2017,4,Montana,4903.0,9297.0,95524.0,41558.0,9994.0,3365.0,2497.0,248.1,45.0,4141.0,9908.0,10838.0,16822.0,35770.0,30328.0,37358.0,21973.0,78.46,,148388.0,17970.0,13532.0,4438.0,780.0,1052482,11623,9648,9.217800635
2017,2,Nebraska,11124.0,46385.0,197716.0,38331.0,7254.0,2058.0,1960.0,165.8,119.0,4521.0,14293.0,13982.0,29995.0,62095.0,56707.0,73850.0,49385.0,86.212,,272081.0,31491.0,24378.0,7113.0,1256.0,1915947,10331,1043,0.545849957
2017,4,Nevada,6598.0,13853.0,240511.0,122406.0,29769.0,6461.0,7788.0,266.0,136.0,7424.0,24926.0,24897.0,47404.0,87965.0,70696.0,92457.0,71617.0,81.726,,392074.0,34310.0,26273.0,8037.0,1002.0,2969905,52342,40501,13.75837627
2017,1,New Hampshire,3885.0,7460.0,137183.0,72716.0,15270.0,3922.0,2234.0,270.2,0.0,2842.0,8057.0,8847.0,16906.0,38831.0,36815.0,65412.0,64960.0,105.01,,206744.0,35054.0,29230.0,5824.0,872.0,1348787,6480,6616,4.916959423
2017,1,New Jersey,16722.0,30151.0,520612.0,473086.0,215715.0,70594.0,48520.0,341.3,116.0,20563.0,46525.0,45988.0,78058.0,169818.0,185096.0,331370.0,497982.0,119.221,,1151447.0,217161.0,187893.0,29268.0,6792.0,8885525,14698,-12205,-1.374719312
2017,4,New Mexico,11005.0,25343.0,182146.0,43100.0,11010.0,4084.0,2958.0,189.3,152.0,11355.0,23429.0,20839.0,35448.0,55504.0,44006.0,52730.0,36335.0,71.319,,255190.0,23671.0,13491.0,10180.0,785.0,2091784,154,-5423,-2.59261933
2017,1,New York,53976.0,209979.0,833208.0,596475.0,366757.0,155703.0,178326.0,331.5,1138.0,42386.0,104588.0,94135.0,180919.0,361200.0,353245.0,544158.0,713793.0,103.477,,2044834.0,339747.0,302946.0,36801.0,9843.0,19589572,-43856,-120168,-6.127425235
2017,3,North Carolina,49275.0,204520.0,970894.0,278898.0,84255.0,25085.0,18873.0,190.3,947.0,36576.0,106691.0,104572.0,184615.0,326572.0,267593.0,325906.0,279275.0,79.783,,1391750.0,232337.0,199961.0,32376.0,7713.0,10268233,113445,84870,8.311209199
2017,2,North Dakota,4873.0,9940.0,64549.0,23823.0,4685.0,751.0,689.0,221.7,18.0,1110.0,4057.0,4290.0,8189.0,20889.0,21243.0,29059.0,20473.0,92.387,,96801.0,11777.0,8978.0,2799.0,732.0,754942,508,-4289,-5.683143232999999
2017,2,Ohio,87183.0,397797.0,1163097.0,210657.0,45724.0,13193.0,9685.0,153.5,1467.0,32670.0,112453.0,117631.0,211928.0,387230.0,341785.0,422719.0,300920.0,81.672,,1625463.0,295528.0,245225.0,50303.0,6345.0,11659650,25280,10883,0.934402907
2017,3,Oklahoma,32506.0,105781.0,318348.0,52107.0,11435.0,3768.0,3050.0,152.2,372.0,10995.0,38010.0,36092.0,61672.0,110657.0,93460.0,105092.0,71017.0,76.33800000000002,,492568.0,33779.0,22622.0,11157.0,648.0,3931316,4985,-6105,-1.553900296
2017,4,Oregon,10467.0,12674.0,262745.0,252858.0,95489.0,22447.0,15811.0,332.4,252.0,14334.0,35880.0,31751.0,68391.0,123576.0,116338.0,148411.0,133810.0,87.87899999999998,,584343.0,85531.0,70298.0,15233.0,2617.0,4143625,53649,45679,11.09575264
2017,1,Pennsylvania,71860.0,253040.0,1202092.0,380714.0,108056.0,27426.0,20376.0,198.8,1408.0,38286.0,102821.0,103858.0,186798.0,389635.0,359660.0,467110.0,415396.0,89.17,,1719875.0,334509.0,291587.0,42922.0,9180.0,12787641,5366,3640,0.284709578
2017,1,Rhode Island,2290.0,2674.0,100592.0,49202.0,11860.0,2981.0,2776.0,259.5,0.0,2268.0,9170.0,7358.0,12620.0,30412.0,29268.0,43276.0,38003.0,95.844,,142313.0,28922.0,23494.0,5428.0,1140.0,1055673,-1097,-1686,-1.596256088
2017,3,South Carolina,35970.0,102983.0,442247.0,116492.0,33498.0,12370.0,10973.0,181.4,720.0,21048.0,55951.0,49313.0,89267.0,152016.0,126787.0,149495.0,110656.0,76.61,,671193.0,80306.0,65374.0,14932.0,3034.0,5021268,63300,55019,11.02669583
2017,2,South Dakota,5949.0,16476.0,83494.0,17713.0,3582.0,1081.0,754.0,185.0,79.0,2126.0,5427.0,7487.0,13740.0,28255.0,25838.0,29674.0,16502.0,82.01700000000002,,116777.0,12109.0,9648.0,2461.0,163.0,872868,9872,5759,6.635312444
2017,3,Tennessee,40304.0,149259.0,587481.0,150512.0,43421.0,14397.0,11711.0,178.4,1218.0,23393.0,74482.0,68935.0,116425.0,210671.0,163932.0,192503.0,146744.0,75.616,,894555.0,98665.0,76492.0,22173.0,3865.0,6708799,62789,51251,7.675287606
2017,3,Texas,125099.0,416233.0,1984947.0,636572.0,173820.0,51964.0,50645.0,198.5,1042.0,68206.0,177864.0,170042.0,305691.0,593456.0,542758.0,792025.0,789238.0,92.899,,3259168.0,173714.0,113851.0,59863.0,6398.0,28295273,380863,182978,6.51055086
2017,4,Utah,7120.0,7964.0,258233.0,153320.0,40138.0,10535.0,7020.0,279.1,277.0,6066.0,18627.0,20855.0,43228.0,98513.0,90913.0,121602.0,84526.0,89.34200000000001,,412249.0,69929.0,49971.0,19958.0,2152.0,3101042,59174,27227,8.864528375
2017,1,Vermont,1910.0,6417.0,67184.0,27320.0,5938.0,910.0,617.0,233.2,0.0,1775.0,7227.0,7219.0,10521.0,21758.0,20446.0,25369.0,15981.0,81.74600000000002,,89855.0,19867.0,17552.0,2315.0,574.0,624344,687,963,1.543267994
2017,3,Virginia,23601.0,65228.0,635952.0,391009.0,201464.0,72921.0,41238.0,297.0,653.0,24030.0,59586.0,59043.0,110849.0,230738.0,219202.0,321495.0,406470.0,101.119,,1204734.0,219699.0,178450.0,41249.0,6980.0,8463587,53481,20101,2.382525272
2017,4,Washington,17877.0,24276.0,447400.0,400744.0,191442.0,81460.0,64294.0,352.1,482.0,20045.0,47480.0,47815.0,95848.0,198254.0,198004.0,301437.0,318610.0,100.562,,1063112.0,158660.0,127160.0,31500.0,5721.0,7423362,128591,94679,12.86562637
2017,3,West Virginia,15731.0,53273.0,139070.0,23458.0,4851.0,1261.0,711.0,147.9,481.0,6160.0,21375.0,19252.0,29624.0,51987.0,39064.0,42736.0,28157.0,70.452,,214886.0,22960.0,18453.0,4507.0,509.0,1817004,-14019,-9734,-5.336583309
2017,2,Wisconsin,24460.0,120486.0,652508.0,156854.0,33277.0,9606.0,6624.0,186.1,409.0,15614.0,51008.0,52402.0,102309.0,195481.0,186340.0,238675.0,161986.0,85.681,,839891.0,158915.0,129175.0,29740.0,5009.0,5790186,17558,4220,0.729926124
2017,4,Wyoming,3171.0,3752.0,59550.0,18748.0,4541.0,1776.0,1319.0,226.8,28.0,1787.0,4707.0,4488.0,8907.0,18461.0,18176.0,24393.0,11938.0,85.603,,83263.0,9446.0,5855.0,3591.0,148.0,578931,-5284,-7748,-13.32248918
2017,X,Puerto Rico,5314.0,74970.0,215060.0,12159.0,2833.0,600.0,1244.0,130.2,2333.0,27833.0,71254.0,41474.0,55453.0,61986.0,26842.0,18207.0,9131.0,38.982,,303317.0,7738.0,1615.0,6123.0,1125.0,3325286,-81386,-78188,-23.22890309
2018,4,Alaska,1301.0,2485.0,50283.0,37611.0,8472.0,1817.0,737.0,292.6,52.0,1571.0,4496.0,3062.0,5758.0,16524.0,15589.0,28377.0,27329.0,105.294,,94849.0,7236.0,5052.0,2184.0,621.0,735139,-4561,-10220,-13.85913988
2018,1,Maine,8347.0,22503.0,154319.0,46623.0,10248.0,2816.0,2488.0,208.3,10.0,4984.0,14179.0,13658.0,27893.0,49704.0,45453.0,54975.0,36498.0,81.392,,208669.0,37955.0,34926.0,3029.0,720.0,1339057,4445,6642,4.968453462
2018,3,North Carolina,46822.0,189660.0,943652.0,308264.0,86931.0,28949.0,19457.0,199.6,708.0,33345.0,105588.0,97324.0,184908.0,308772.0,267775.0,334621.0,291402.0,81.50399999999998,,1401994.0,216186.0,185396.0,30790.0,5555.0,10381615,113382,86828,8.409553426
2018,2,Missouri,48211.0,152276.0,598632.0,135389.0,34108.0,10285.0,7507.0,170.8,2162.0,18802.0,54355.0,61423.0,111764.0,192411.0,168477.0,212500.0,166676.0,81.877,,885548.0,99005.0,80731.0,18274.0,1855.0,6121623,14953,3058,0.500151575
2018,1,Pennsylvania,69616.0,246255.0,1196823.0,397957.0,114215.0,29943.0,21342.0,202.0,1042.0,39845.0,109579.0,100799.0,193505.0,371686.0,342305.0,478432.0,440000.0,90.755,,1746401.0,320481.0,279949.0,40532.0,9269.0,12800922,13281,10944,0.8553821490000001
2018,2,Michigan,89269.0,246365.0,990180.0,257330.0,59518.0,16720.0,12517.0,175.4,1756.0,31958.0,95718.0,98054.0,181641.0,326620.0,282044.0,363484.0,292380.0,83.258,,1468475.0,198116.0,164398.0,33718.0,5308.0,9984072,10958,-2994,-0.300042301
2018,2,Nebraska,11904.0,38636.0,195718.0,42879.0,7558.0,1978.0,1744.0,172.5,102.0,4293.0,12932.0,13815.0,26203.0,57362.0,54519.0,78592.0,52701.0,90.685,,267822.0,31109.0,22755.0,8354.0,1486.0,1925614,9667,-54,-0.028113572000000003
2018,4,Oregon,9873.0,10186.0,223689.0,272002.0,111089.0,27517.0,13624.0,355.8,216.0,8981.0,33678.0,33717.0,62326.0,117986.0,110124.0,149735.0,151433.0,91.517,,579151.0,85717.0,71536.0,14181.0,3112.0,4181886,38261,31019,7.451554625
2018,4,Wyoming,2451.0,3516.0,59858.0,20641.0,4549.0,2329.0,1417.0,240.1,65.0,1346.0,4475.0,4757.0,9579.0,17399.0,18343.0,24239.0,14623.0,88.588,,86064.0,8316.0,5098.0,3218.0,381.0,577601,-1330,-3311,-5.725738674
2018,4,California,50607.0,49439.0,705843.0,1349694.0,1280746.0,673367.0,879015.0,566.1,928.0,97819.0,205443.0,184932.0,331404.0,662661.0,660584.0,1103737.0,1742131.0,113.027,,4318430.0,642797.0,512833.0,129964.0,27484.0,39461588,103091,-83981,-2.130954312
2018,3,Mississippi,29557.0,77430.0,218413.0,30816.0,5921.0,1442.0,1625.0,151.2,455.0,13073.0,30075.0,26420.0,42396.0,77865.0,64349.0,65229.0,45797.0,72.006,,336132.0,27707.0,20255.0,7452.0,1365.0,2981020,-7490,-12762,-4.275713498
2018,1,Connecticut,8749.0,16615.0,309502.0,173808.0,52081.0,21472.0,27229.0,281.3,21.0,8513.0,20988.0,18175.0,38249.0,86094.0,82289.0,147504.0,207644.0,114.13,,505328.0,101080.0,78820.0,22260.0,3048.0,3571520,-1777,-5478,-1.53341926
2018,3,Texas,114559.0,346212.0,1929131.0,694867.0,206755.0,62007.0,54835.0,216.7,1509.0,64574.0,171921.0,168145.0,289082.0,568350.0,517676.0,777430.0,851188.0,95.822,,3235022.0,167816.0,111297.0,56519.0,5528.0,28628666,333393,155073,5.448428297
2018,4,Idaho,6321.0,14350.0,170444.0,77776.0,14129.0,4255.0,3226.0,243.8,520.0,5546.0,19843.0,16919.0,35651.0,65905.0,48930.0,58984.0,38723.0,75.554,,257976.0,32009.0,23693.0,8316.0,516.0,1750536,32821,24142,13.92171443
2018,3,Maryland,19233.0,26731.0,416612.0,384667.0,152620.0,41493.0,32278.0,331.6,267.0,14513.0,35644.0,33704.0,70536.0,139157.0,151785.0,258193.0,370102.0,115.283,,907940.0,160428.0,130579.0,29849.0,5266.0,6035802,11934,-8544,-1.416954195
2018,4,New Mexico,11371.0,23570.0,183221.0,43343.0,11576.0,3860.0,2884.0,193.3,129.0,9644.0,24747.0,21549.0,34438.0,54558.0,44503.0,53560.0,36826.0,72.54899999999998,,253825.0,25694.0,16756.0,8938.0,306.0,2092741,957,-3807,-1.81956136
2018,3,Alabama,39762.0,126732.0,408685.0,89306.0,19204.0,7337.0,3341.0,164.2,828.0,20689.0,53357.0,47032.0,74279.0,134010.0,118808.0,142484.0,103708.0,78.432,,620838.0,71506.0,54390.0,17116.0,2023.0,4887681,13195,8658,1.773786496
2018,3,Tennessee,36136.0,132105.0,591891.0,173395.0,48950.0,15943.0,12480.0,192.6,803.0,22970.0,68651.0,67070.0,112997.0,203745.0,171743.0,208503.0,155221.0,78.71300000000002,,913282.0,95089.0,80100.0,14989.0,2529.0,6771631,62832,50847,7.543824641
2018,1,Vermont,2239.0,5107.0,73229.0,27397.0,5611.0,1701.0,1471.0,239.0,22.0,2363.0,6322.0,6081.0,11677.0,21897.0,21238.0,29279.0,17898.0,87.47200000000002,,99010.0,17101.0,15441.0,1660.0,644.0,624358,14,275,0.440457371
2018,4,Nevada,7987.0,7352.0,200946.0,163053.0,39411.0,8629.0,7692.0,301.1,95.0,9498.0,25261.0,23807.0,45350.0,78201.0,74269.0,96598.0,82086.0,86.294,,398601.0,34764.0,25147.0,9617.0,1705.0,3027341,57436,46658,15.55980862
2018,3,West Virginia,16284.0,57029.0,141197.0,24559.0,4259.0,953.0,672.0,147.1,479.0,6655.0,21314.0,20385.0,32828.0,50951.0,35818.0,49276.0,27726.0,70.059,,220962.0,22948.0,19905.0,3043.0,1043.0,1804291,-12713,-8119,-4.484031265
2018,3,Oklahoma,27544.0,100241.0,315832.0,55931.0,13152.0,4717.0,4652.0,156.0,514.0,11090.0,33054.0,31704.0,58164.0,104311.0,93187.0,110802.0,79757.0,80.38600000000002,,488722.0,32267.0,21578.0,10689.0,1080.0,3940235,8919,-55,-0.013974374
2018,2,Wisconsin,24316.0,107410.0,643031.0,175721.0,35291.0,10230.0,7102.0,195.9,219.0,13759.0,49123.0,50101.0,96718.0,193295.0,183536.0,249068.0,167501.0,87.899,,840695.0,157210.0,128596.0,28614.0,5196.0,5807406,17220,4425,0.763089441
2018,X,Puerto Rico,5711.0,70384.0,209802.0,11133.0,3318.0,763.0,1173.0,130.6,2287.0,24832.0,66621.0,40745.0,58413.0,56518.0,24139.0,18876.0,12140.0,39.275,,294077.0,7176.0,1668.0,5508.0,1031.0,3193354,-131932,-123399,-37.86035124
2018,2,Kansas,22002.0,76546.0,255657.0,65892.0,14295.0,5145.0,3020.0,173.8,78.0,6217.0,20469.0,23105.0,43937.0,88233.0,79872.0,99785.0,80939.0,86.395,,400018.0,41534.0,32509.0,9025.0,1005.0,2911359,2641,-7511,-2.581065508
2018,3,Virginia,24945.0,65187.0,613090.0,398126.0,200845.0,75377.0,41951.0,302.7,703.0,23783.0,63508.0,52436.0,107510.0,212825.0,211447.0,319239.0,428773.0,104.322,,1209001.0,205822.0,163848.0,41974.0,4698.0,8501286,37699,6673,0.786684345
2018,2,North Dakota,4226.0,8007.0,65160.0,21611.0,5111.0,1850.0,452.0,226.0,24.0,1215.0,2464.0,3613.0,7989.0,19480.0,20099.0,31106.0,20451.0,97.677,,95570.0,10446.0,8631.0,1815.0,401.0,758080,3138,-1295,-1.711805909
2018,1,New Jersey,19509.0,24607.0,491808.0,482681.0,227541.0,77787.0,53712.0,352.7,0.0,19381.0,44930.0,43258.0,77830.0,169025.0,177942.0,325299.0,519980.0,121.642,,1179242.0,192181.0,167869.0,24312.0,6222.0,8886025,500,-24811,-2.792215648
2018,2,Ohio,78304.0,360433.0,1176833.0,236677.0,51676.0,12430.0,8523.0,160.8,1375.0,35384.0,107602.0,110962.0,206283.0,371517.0,336065.0,434287.0,322776.0,83.62899999999998,,1636955.0,280049.0,236723.0,43326.0,7872.0,11676341,16691,956,0.081933525
2018,3,South Carolina,37309.0,94765.0,455433.0,129503.0,41955.0,11002.0,10637.0,194.1,418.0,20450.0,56030.0,55345.0,86275.0,157607.0,128904.0,151315.0,124678.0,77.141,,699608.0,78529.0,66786.0,11743.0,2467.0,5084156,62888,56397,11.16172859
2018,3,Georgia,52616.0,163318.0,898937.0,306655.0,97191.0,27667.0,21728.0,208.8,896.0,41903.0,89731.0,87352.0,149405.0,276299.0,245262.0,338840.0,339320.0,88.772,,1410815.0,152359.0,114929.0,37430.0,4938.0,10511131,100801,56844,5.434037327
2018,4,Colorado,14187.0,17630.0,272153.0,413877.0,184283.0,56966.0,35260.0,383.4,245.0,17931.0,37319.0,42818.0,77456.0,155216.0,157165.0,239397.0,267054.0,101.056,,862795.0,128957.0,103694.0,25263.0,2604.0,5691287,79402,53185,9.410632697
2018,4,Hawaii,1231.0,1559.0,13205.0,38659.0,53766.0,34790.0,27662.0,643.1,18.0,3585.0,4148.0,5680.0,12052.0,22435.0,22830.0,44608.0,55534.0,113.39,,136484.0,33084.0,29701.0,3383.0,1304.0,1420593,-3800,-8498,-5.974018853
2018,2,South Dakota,6279.0,14192.0,81910.0,21037.0,4135.0,1021.0,749.0,188.8,169.0,1017.0,4462.0,7482.0,14481.0,25568.0,30367.0,29911.0,16035.0,83.662,,116438.0,12380.0,10159.0,2221.0,505.0,878698,5830,1178,1.345082058
2018,2,Indiana,52303.0,234396.0,710148.0,127502.0,28818.0,8034.0,5089.0,153.8,1182.0,22006.0,75032.0,75098.0,133027.0,242161.0,213587.0,248477.0,156902.0,78.796,,1026238.0,135897.0,115597.0,20300.0,4155.0,6695497,37419,19003,2.84612922
2018,3,Kentucky,32650.0,112746.0,406313.0,81113.0,19345.0,5451.0,3902.0,162.8,1805.0,17620.0,46048.0,47644.0,76589.0,130771.0,110699.0,139515.0,92634.0,77.34,,568450.0,90322.0,73326.0,16996.0,2748.0,4461153,8885,1121,0.25153081
2018,3,Louisiana,26269.0,70644.0,376052.0,90015.0,19935.0,5601.0,5217.0,184.9,755.0,15942.0,45791.0,39014.0,58396.0,105943.0,96938.0,130202.0,101507.0,81.863,,544681.0,47413.0,33793.0,13620.0,1639.0,4659690,-10870,-24483,-5.248090887
2018,4,Washington,15800.0,17276.0,367879.0,433752.0,212109.0,105414.0,81526.0,385.0,397.0,18257.0,44341.0,44737.0,92770.0,187307.0,191182.0,299783.0,355379.0,104.432,,1078838.0,150758.0,123795.0,26963.0,4160.0,7523869,100507,70762,9.468241977
2018,2,Illinois,64155.0,233333.0,1081655.0,409749.0,131301.0,41771.0,40460.0,219.4,600.0,35155.0,94058.0,95658.0,168952.0,335047.0,308080.0,461509.0,503965.0,96.714,,1753544.0,241192.0,200677.0,40515.0,7688.0,12723071,-55757,-93439,-7.328003299
2018,2,Iowa,24296.0,102701.0,328142.0,71618.0,12222.0,2396.0,1733.0,160.7,286.0,8299.0,29059.0,30585.0,55628.0,107330.0,103098.0,127569.0,81540.0,83.99799999999998,,469779.0,70190.0,53006.0,17184.0,3139.0,3148618,7068,-2064,-0.6562622810000001
2018,1,New Hampshire,4085.0,6493.0,126744.0,80736.0,16962.0,4012.0,3044.0,278.6,56.0,3260.0,8036.0,10524.0,16028.0,34817.0,38661.0,66400.0,64350.0,105.339,,208316.0,33029.0,28858.0,4171.0,731.0,1353465,4678,5076,3.756866495
2018,1,Rhode Island,2674.0,2961.0,94557.0,52966.0,11111.0,3930.0,3237.0,274.2,0.0,2071.0,7282.0,8060.0,13202.0,28907.0,27619.0,43220.0,41075.0,98.266,,144274.0,26371.0,21985.0,4386.0,791.0,1058287,2614,1884,1.782436754
2018,3,Arkansas,25906.0,88898.0,238302.0,42065.0,7997.0,3907.0,3060.0,148.3,1139.0,11784.0,33638.0,30367.0,51783.0,81975.0,62311.0,81585.0,56692.0,73.52199999999998,,382264.0,27382.0,19278.0,8104.0,489.0,3009733,8388,2882,0.958896225
2018,3,Delaware,2690.0,4764.0,90290.0,53229.0,8937.0,3016.0,2499.0,267.0,89.0,3920.0,10195.0,8002.0,14651.0,32016.0,25841.0,37210.0,33590.0,87.16799999999998,,144409.0,20473.0,16828.0,3645.0,543.0,965479,8656,7335,7.631475179
2018,2,Minnesota,22770.0,54159.0,597100.0,256265.0,66479.0,17073.0,11128.0,244.8,383.0,13278.0,36475.0,40723.0,87675.0,166252.0,175149.0,264182.0,241240.0,98.831,,871114.0,149130.0,115003.0,34127.0,4730.0,5606249,40019,15822,2.8323168030000003
2018,4,Montana,5016.0,7376.0,86860.0,44075.0,14127.0,3709.0,3034.0,262.4,76.0,3000.0,10860.0,9456.0,19087.0,35936.0,29008.0,33197.0,23653.0,77.282,,147345.0,15917.0,12521.0,3396.0,935.0,1060665,8183,6284,5.94752755
2018,4,Arizona,27115.0,43691.0,598719.0,280745.0,79458.0,23128.0,19646.0,256.6,919.0,24645.0,63580.0,59040.0,111112.0,204448.0,175012.0,227398.0,207267.0,84.62799999999999,,967483.0,100670.0,81954.0,18716.0,4349.0,7158024,114016,92050,12.96293376
2018,3,Florida,74152.0,185507.0,1591788.0,710945.0,197240.0,65247.0,66085.0,247.0,1990.0,81690.0,209722.0,184353.0,324338.0,536246.0,450785.0,572584.0,531246.0,80.372,,2576094.0,303356.0,245066.0,58290.0,11514.0,21244317,280704,267130,12.65781099
2018,1,Massachusetts,10873.0,8759.0,294869.0,400054.0,237561.0,82421.0,70962.0,406.9,92.0,14336.0,34772.0,34321.0,60659.0,143466.0,143753.0,261353.0,412839.0,121.565,,900729.0,199591.0,174561.0,25030.0,5179.0,6882635,22846,11129,1.619656037
2018,3,District of Columbia,700.0,552.0,8147.0,24676.0,22666.0,16753.0,17685.0,627.0,0.0,1981.0,2580.0,1761.0,2662.0,8230.0,9267.0,18518.0,46180.0,151.14700000000005,,76755.0,14236.0,11193.0,3043.0,188.0,701547,6641,2431,3.4816782230000003
2018,4,Utah,9409.0,5888.0,218789.0,184533.0,50940.0,13839.0,8499.0,310.0,222.0,5152.0,18318.0,21123.0,39651.0,93726.0,89817.0,129122.0,94988.0,93.06,,416459.0,72368.0,54194.0,18174.0,3070.0,3153550,52508,21841,6.983988724
2018,1,New York,52902.0,188708.0,818165.0,563394.0,376377.0,177251.0,189594.0,341.9,1205.0,39767.0,99223.0,91966.0,161036.0,338765.0,336915.0,551156.0,747563.0,108.546,,2031119.0,325392.0,289357.0,36035.0,9880.0,19530351,-59221,-125303,-6.406096454
