2nd Mortgage Only (%),2nd Mortgage or Equity Loan (%),Both 2nd & Equity Loan (%),Equity Loan Only (%),Home Value $100k-$149k (%),Home Value $150k-$199k (%),Home Value $200k-$299k (%),Home Value $300k-$499k (%),Home Value $500k+ (%),Home Value $50k-$90k (%),Home Value <$50k (%),"Income $100k-$149,999 (%)","Income $10k-$24,999 (%)",Income $150k+ (%),"Income $25k-$34,999 (%)","Income $35k-$49,999 (%)","Income $50k-$74,999 (%)","Income $75k-$99,999 (%)",Income <$10k (%),Median Home Value ($)(1000X),Median Housing Cost (monthly) ($),Median Income ($)(1000X),Median Real Estate Taxes ($),No 2nd or Equity Loan (%),State,Year
4.9,17.2,0.6,12.3,20.3,17.8,16.8,8.7,3.7,23.6,9.1,15.6,10.4,8.7,8.7,15.5,21.7,15.6,3.9,142.7,1130.0,61.964,568.0,82.3,Alabama,2010
4.5,14.9,0.7,10.4,9.6,15.6,35.2,26.5,8.1,2.9,2.0,27.3,4.0,19.1,5.1,8.4,17.8,17.0,1.2,255.7,1772.0,94.74700000000001,3177.0,84.4,Alaska,2010
5.8,21.8,0.8,16.0,20.5,19.5,21.4,14.4,6.8,13.4,4.0,17.2,8.8,10.2,8.2,14.1,22.6,16.2,2.8,177.0,1442.0,66.539,1489.0,77.4,Arizona,2010
4.1,10.5,0.2,6.4,23.9,16.2,12.2,6.4,2.1,27.0,12.0,14.1,10.9,7.1,10.6,16.8,22.8,15.1,2.8,122.6,987.0,59.393,703.0,89.3,Arkansas,2010
7.6,26.3,1.6,18.6,6.0,8.6,17.4,29.1,34.0,3.4,1.5,22.1,5.9,21.2,5.2,10.0,17.7,15.9,2.1,377.7,2242.0,88.444,3284.0,72.2,California,2010
10.0,26.0,0.9,16.0,11.3,17.3,29.3,24.0,11.6,4.0,2.5,20.8,6.6,14.3,6.4,11.8,20.1,17.5,2.4,243.3,1590.0,78.267,1508.0,73.1,Colorado,2010
6.0,27.7,0.5,21.6,5.7,13.0,30.3,30.4,18.0,1.5,1.0,23.7,4.0,22.8,4.3,8.5,17.7,17.4,1.6,294.5,2068.0,94.29799999999999,4987.0,71.8,Connecticut,2010
4.9,22.5,1.0,17.7,7.4,17.7,33.8,28.0,7.4,2.6,3.1,21.3,6.2,12.9,6.1,12.1,21.3,17.4,2.5,249.0,1569.0,77.71600000000001,1302.0,76.5,Delaware,2010
6.0,24.3,1.4,18.3,1.9,3.1,16.0,35.2,41.5,1.1,1.2,19.2,4.4,36.5,3.8,7.0,13.5,12.0,3.7,439.4,2297.0,112.294,2640.0,74.2,District of Columbia,2010
5.5,22.6,1.0,17.1,19.5,19.5,20.9,13.5,6.5,15.7,4.4,15.4,10.5,9.5,9.1,15.1,21.5,15.2,3.7,172.1,1505.0,62.096000000000004,1979.0,76.4,Florida,2010
6.8,20.2,0.9,13.4,22.9,20.5,18.8,12.7,5.4,14.4,5.2,17.1,9.1,11.8,8.3,13.2,22.2,15.3,3.1,164.9,1390.0,67.42399999999999,1654.0,78.9,Georgia,2010
6.2,24.9,1.8,18.8,1.5,3.9,12.0,29.0,51.9,1.2,0.5,26.0,4.9,17.6,4.4,9.0,19.4,16.9,1.8,516.1,2240.0,88.85700000000001,1400.0,73.3,Hawaii,2010
6.4,21.3,0.6,14.9,23.9,23.0,22.2,11.7,4.7,10.3,4.2,12.1,9.2,6.7,10.3,15.7,26.6,16.8,2.5,171.0,1187.0,60.953,1280.0,78.1,Idaho,2010
5.1,22.7,0.7,17.6,14.9,17.8,23.6,18.9,8.6,12.3,4.0,19.9,6.5,14.3,6.6,12.0,21.1,17.7,1.9,203.9,1655.0,77.134,4061.0,76.6,Illinois,2010
5.3,20.3,0.6,15.0,26.9,17.9,13.9,6.7,2.2,26.3,6.1,15.3,8.7,7.1,9.2,15.8,24.3,17.4,2.1,130.7,1090.0,63.3,1123.0,79.1,Indiana,2010
5.7,19.2,0.8,13.5,26.2,16.8,15.9,6.7,2.1,24.9,7.3,16.8,7.4,7.3,7.8,14.7,25.1,19.2,1.7,133.3,1140.0,67.976,1769.0,80.0,Iowa,2010
5.4,16.7,0.5,11.3,20.8,19.8,16.7,8.1,2.6,23.3,8.8,18.2,6.6,9.4,7.5,13.9,24.1,18.3,1.9,143.1,1239.0,70.693,1875.0,82.7,Kansas,2010
4.8,20.2,0.9,15.4,24.6,17.8,15.7,7.3,2.6,23.2,9.0,14.8,10.5,7.0,9.7,15.1,23.2,16.5,3.3,136.1,1072.0,61.497,1104.0,79.0,Kentucky,2010
4.2,13.4,0.7,9.2,20.2,21.1,19.8,9.9,3.2,17.5,8.4,17.6,9.8,10.1,7.8,14.0,20.7,17.4,2.6,157.7,1163.0,68.145,784.0,86.0,Louisiana,2010
3.3,21.6,0.8,18.3,16.5,22.1,26.7,14.1,4.7,12.3,3.7,15.9,7.9,7.4,8.7,14.7,25.2,17.9,2.3,188.5,1289.0,65.808,2211.0,77.6,Maine,2010
6.3,26.0,1.2,19.7,5.0,10.2,28.4,33.2,19.2,2.5,1.5,25.1,4.1,23.9,4.1,7.7,17.5,16.1,1.4,311.0,2016.0,98.145,3079.0,72.8,Maryland,2010
5.4,27.8,0.9,22.4,3.8,8.7,25.7,39.0,20.5,1.2,1.1,24.9,4.3,21.8,4.0,8.3,17.8,17.1,1.8,337.7,2036.0,94.695,3624.0,71.3,Massachusetts,2010
5.2,24.5,0.9,19.3,22.9,18.1,14.9,7.4,2.3,24.6,9.8,15.9,9.3,8.6,8.2,15.2,23.5,16.7,2.7,132.0,1288.0,64.74,2410.0,74.6,Michigan,2010
7.2,27.4,1.0,20.1,15.5,22.7,28.4,16.7,5.9,7.5,3.3,20.1,5.5,12.4,6.4,12.3,22.5,19.4,1.4,202.9,1503.0,77.042,2256.0,71.6,Minnesota,2010
4.1,11.6,0.7,7.5,21.0,16.3,13.3,6.2,1.7,27.4,14.1,12.9,14.1,6.0,10.1,15.5,22.0,15.5,3.8,118.7,1043.0,56.878,846.0,87.7,Mississippi,2010
5.1,17.2,0.6,12.1,23.6,19.6,17.9,8.8,3.4,19.9,6.8,16.6,9.3,8.5,8.4,14.7,23.4,17.0,2.2,149.4,1182.0,65.911,1418.0,82.2,Missouri,2010
3.9,14.6,0.6,10.7,13.6,22.0,25.7,17.1,6.0,10.1,5.5,14.7,10.6,6.3,7.9,15.2,24.8,17.9,2.6,196.8,1217.0,62.191,1656.0,84.8,Montana,2010
5.6,17.7,0.9,12.0,30.5,17.8,15.5,5.9,1.9,21.4,7.0,18.6,6.1,8.1,8.0,12.7,25.0,19.9,1.6,136.0,1218.0,71.102,2482.0,81.5,Nebraska,2010
8.0,21.7,1.2,13.7,19.7,20.8,23.6,14.3,5.3,12.6,3.7,19.3,7.2,10.9,7.5,12.3,23.0,17.2,2.6,179.1,1638.0,71.865,1783.0,77.1,Nevada,2010
5.4,26.5,0.8,21.1,9.0,15.0,38.8,25.0,6.4,4.0,1.8,23.2,4.3,15.7,4.8,10.5,21.1,19.1,1.4,247.6,1853.0,84.346,4807.0,72.7,New Hampshire,2010
4.1,24.6,0.9,20.5,3.9,8.3,23.8,38.7,22.5,1.9,0.9,24.6,4.5,25.4,4.2,7.5,16.2,16.1,1.4,346.8,2370.0,99.984,6963.0,74.5,New Jersey,2010
5.1,13.4,0.7,8.3,18.3,20.9,22.7,12.5,6.2,12.5,6.8,16.1,11.0,8.7,9.2,15.2,21.4,15.6,2.9,174.3,1202.0,62.597,1243.0,85.9,New Mexico,2010
3.4,21.9,0.8,18.5,10.9,9.4,13.8,27.3,24.9,10.8,2.9,22.3,5.2,20.2,5.3,10.0,18.9,16.5,1.7,315.1,1963.0,87.81200000000001,4399.0,77.3,New York,2010
4.8,22.3,0.8,17.5,22.2,19.2,19.6,12.7,5.9,15.8,4.7,15.3,9.0,9.5,9.0,14.9,23.1,16.5,2.6,165.8,1250.0,64.837,1382.0,76.9,North Carolina,2010
3.8,16.6,0.7,12.8,24.5,21.5,18.0,5.2,1.4,18.9,10.4,20.0,4.7,7.3,7.5,12.4,25.9,21.3,0.9,142.8,1133.0,73.191,2025.0,82.6,North Dakota,2010
5.8,25.3,0.9,19.5,26.0,19.2,16.7,7.8,2.2,22.9,5.2,16.6,8.3,8.6,8.3,14.5,24.1,17.4,2.2,141.7,1246.0,66.594,2121.0,73.8,Ohio,2010
5.5,11.9,0.6,6.5,26.2,16.3,12.9,5.8,2.0,26.9,9.9,15.1,10.1,7.5,8.6,15.6,24.5,16.4,2.2,123.6,1089.0,62.732,1090.0,87.5,Oklahoma,2010
7.6,24.1,0.9,16.5,8.8,16.5,32.5,25.9,10.5,3.1,2.7,18.2,7.1,10.1,7.5,14.0,23.2,17.5,2.4,253.3,1577.0,70.418,2509.0,75.0,Oregon,2010
4.6,23.9,0.9,19.4,17.2,17.3,22.7,16.1,6.0,15.7,5.0,18.7,6.9,12.0,7.3,12.6,22.5,17.8,2.2,182.1,1390.0,72.891,2595.0,75.2,Pennsylvania,2010
5.1,27.7,1.3,22.7,6.0,18.2,36.4,26.6,9.9,1.4,1.6,20.5,4.8,14.9,6.2,11.0,22.2,18.7,1.7,258.1,1837.0,79.813,3815.0,71.0,Rhode Island,2010
4.5,19.0,0.7,14.5,22.3,17.8,17.1,10.7,5.9,18.4,7.8,15.3,10.3,8.0,8.9,14.9,23.3,16.4,2.8,153.4,1177.0,62.766999999999996,867.0,80.3,South Carolina,2010
4.8,16.8,0.4,12.0,24.9,20.7,16.3,8.8,2.6,17.4,9.4,15.9,5.2,6.6,10.2,12.7,27.8,20.0,1.5,146.8,1151.0,68.243,1927.0,82.8,South Dakota,2010
5.7,18.1,0.6,12.4,25.1,17.9,16.2,10.3,4.1,20.3,6.0,14.3,10.0,8.4,9.6,15.8,23.6,15.5,2.9,147.0,1161.0,61.581,1080.0,81.2,Tennessee,2010
4.5,9.9,0.4,5.4,25.2,18.6,15.8,9.2,3.9,21.4,5.9,19.4,7.6,13.9,7.1,12.2,21.0,16.7,2.2,144.7,1402.0,74.935,2997.0,89.7,Texas,2010
8.1,22.2,0.7,14.1,13.3,23.1,33.1,18.9,6.3,3.0,2.3,19.2,6.0,8.4,6.0,13.8,25.9,19.1,1.7,220.9,1433.0,71.038,1426.0,77.1,Utah,2010
3.6,24.1,0.6,20.5,12.0,22.0,30.6,19.5,7.3,5.7,2.9,16.6,7.4,9.2,7.5,13.9,25.6,17.7,2.1,222.9,1445.0,68.69800000000001,3588.0,75.3,Vermont,2010
6.6,25.8,0.9,19.2,9.7,14.1,24.8,26.1,17.4,5.2,2.6,21.7,5.3,20.8,5.7,10.3,18.4,16.0,1.9,271.5,1728.0,87.012,2158.0,73.3,Virginia,2010
6.7,23.3,1.2,16.6,7.7,13.7,29.6,29.3,15.1,2.7,1.9,21.6,5.4,14.2,5.7,11.1,21.6,18.5,1.9,280.0,1736.0,80.24,2737.0,75.6,Washington,2010
3.6,14.5,0.3,11.0,20.3,15.8,14.1,5.8,1.3,30.4,12.4,14.0,11.5,5.1,10.2,15.9,23.4,17.3,2.8,116.0,918.0,59.593,648.0,85.1,West Virginia,2010
6.3,25.3,1.0,19.0,21.4,22.4,24.5,12.4,3.8,12.6,2.8,18.3,6.7,8.5,7.5,13.2,24.5,19.5,1.8,175.6,1404.0,71.063,3244.0,73.7,Wisconsin,2010
9.1,16.2,0.4,7.1,17.6,23.0,27.2,13.1,6.2,7.5,5.4,22.0,6.3,9.4,5.8,11.6,25.1,18.1,1.8,191.6,1300.0,74.26,1189.0,83.4,Wyoming,2010
3.1,4.1,0.4,1.0,31.6,21.2,14.1,6.5,2.6,22.7,1.3,6.0,24.1,3.0,14.2,19.4,18.3,6.8,8.1,140.1,851.0,37.217,773.0,95.5,Puerto Rico,2010
3.9,15.2,0.6,11.3,22.2,18.5,16.2,8.7,3.4,22.4,8.7,16.4,10.5,8.7,8.6,14.1,21.7,16.9,3.2,142.2,1134.0,65.045,585.0,84.2,Alabama,2011
3.4,12.0,0.6,8.6,6.2,17.6,36.3,27.7,7.3,2.9,2.0,26.3,3.7,20.2,3.0,8.6,17.9,19.7,0.6,255.0,1794.0,94.96600000000001,3074.0,87.4,Alaska,2011
4.9,19.0,0.7,14.2,21.7,18.0,18.1,13.2,5.9,18.0,5.2,17.4,9.4,10.9,8.2,14.2,21.1,15.5,3.3,161.1,1365.0,66.79,1434.0,80.3,Arizona,2011
3.2,8.5,0.4,5.3,22.0,16.0,12.5,6.7,2.1,29.6,11.0,15.2,11.0,7.4,9.1,16.1,22.6,15.2,3.5,120.7,988.0,60.34,732.0,91.1,Arkansas,2011
6.3,23.0,1.4,16.6,7.0,9.0,17.9,28.5,32.2,3.8,1.6,21.6,6.0,22.3,5.3,9.8,17.3,15.3,2.3,363.6,2182.0,89.279,3291.0,75.6,California,2011
8.9,23.2,0.9,14.3,11.7,18.4,29.2,22.8,10.9,4.7,2.3,21.3,5.9,15.9,5.9,11.6,20.4,16.6,2.5,238.8,1560.0,80.07600000000001,1530.0,75.9,Colorado,2011
5.1,24.8,0.7,19.7,7.1,15.2,29.0,28.2,17.2,2.1,1.3,23.3,3.7,24.5,4.5,8.4,16.7,17.1,1.8,282.9,2052.0,96.23899999999999,5152.0,74.6,Connecticut,2011
6.0,23.5,1.1,17.5,9.4,18.2,34.7,26.9,5.3,3.0,2.6,21.4,5.6,14.7,5.9,11.5,20.1,18.5,2.3,242.2,1567.0,80.85600000000001,1300.0,75.3,Delaware,2011
5.9,21.1,1.0,15.2,2.5,4.7,16.3,33.3,41.1,1.0,1.1,20.4,4.1,34.9,3.6,7.2,14.4,13.1,2.5,426.8,2224.0,108.425,2600.0,77.9,District of Columbia,2011
4.7,20.4,1.0,15.7,20.7,17.6,18.5,11.9,6.0,20.0,5.2,15.5,10.6,10.8,9.4,14.0,21.2,14.9,3.7,159.1,1470.0,63.474,1882.0,78.6,Florida,2011
6.1,18.8,0.7,12.7,22.6,18.6,18.0,11.8,4.5,18.5,6.0,17.8,9.1,12.0,7.8,12.9,21.5,15.7,3.2,156.3,1371.0,68.998,1612.0,80.5,Georgia,2011
4.3,22.2,1.4,17.9,2.3,3.4,11.9,32.6,47.9,1.1,0.7,25.8,4.4,18.5,4.0,9.7,19.0,17.3,1.3,485.8,2221.0,90.916,1390.0,76.4,Hawaii,2011
5.8,19.0,1.1,13.2,24.2,22.3,20.8,10.7,3.5,14.3,4.2,15.1,9.2,6.3,9.4,17.4,23.7,16.2,2.7,164.0,1212.0,60.854,1290.0,79.9,Idaho,2011
4.2,20.0,0.8,15.9,16.5,18.1,22.6,17.0,7.4,14.2,4.2,19.9,6.7,15.2,6.5,11.3,21.4,16.9,2.1,190.1,1646.0,77.24600000000001,4206.0,79.2,Illinois,2011
4.7,18.3,0.6,13.5,26.9,18.0,13.3,6.7,1.9,27.1,6.0,16.3,8.4,7.6,8.6,14.6,24.5,17.9,2.2,129.3,1091.0,65.84899999999999,1137.0,81.2,Indiana,2011
5.1,17.8,0.6,12.6,25.9,17.7,15.9,7.0,1.9,24.3,7.2,17.4,6.6,8.8,7.9,13.6,25.0,19.3,1.4,133.6,1144.0,70.433,1879.0,81.7,Iowa,2011
4.7,14.4,0.5,9.7,22.6,19.3,16.7,8.0,2.8,22.3,8.3,18.3,6.5,10.4,7.4,13.5,23.2,19.1,1.5,143.1,1252.0,72.387,1922.0,85.1,Kansas,2011
4.1,18.9,0.6,14.7,25.7,17.1,15.0,7.5,2.8,23.6,8.3,16.0,9.5,8.0,8.6,15.0,22.8,17.1,2.9,134.9,1092.0,64.806,1137.0,80.5,Kentucky,2011
4.2,12.3,0.7,8.1,20.7,22.3,18.9,9.6,3.4,16.6,8.3,18.3,9.5,10.8,8.0,12.7,20.2,17.3,3.2,158.2,1176.0,70.365,818.0,87.0,Louisiana,2011
3.4,22.3,0.7,18.9,18.2,22.0,24.0,13.8,5.0,11.8,5.1,16.8,8.8,8.7,8.9,13.7,22.4,18.4,2.1,180.0,1304.0,67.548,2215.0,77.0,Maine,2011
5.6,23.6,1.2,18.0,6.7,12.5,27.7,30.5,17.8,3.2,1.7,24.7,4.4,24.1,4.3,7.4,17.1,16.1,1.8,293.8,1961.0,97.939,3152.0,75.2,Maryland,2011
4.6,24.9,0.9,20.3,4.3,9.7,26.1,38.1,19.4,1.3,1.2,25.0,4.4,23.6,4.3,8.0,16.8,16.3,1.5,330.5,2042.0,97.523,3735.0,74.2,Massachusetts,2011
4.6,22.2,0.8,17.5,21.9,17.7,14.4,6.7,2.4,26.2,10.8,17.2,8.9,10.0,8.3,13.8,22.2,16.9,2.6,126.6,1275.0,67.704,2351.0,77.0,Michigan,2011
6.6,24.5,1.0,17.9,17.4,23.3,26.1,15.1,5.3,9.3,3.5,21.4,5.2,13.1,6.1,11.5,22.5,18.5,1.7,191.4,1481.0,78.48,2252.0,74.5,Minnesota,2011
3.1,10.4,0.4,7.3,21.7,16.6,13.3,5.8,1.7,28.1,12.8,12.5,12.7,7.2,10.3,15.1,22.0,15.1,5.1,119.4,1048.0,57.051,913.0,89.2,Mississippi,2011
4.6,16.3,0.6,11.6,24.2,19.1,17.4,8.8,3.2,20.5,6.7,16.9,8.0,9.9,8.2,14.2,23.1,17.6,2.2,146.8,1199.0,67.78,1448.0,83.1,Missouri,2011
5.2,16.0,0.6,10.8,16.4,20.6,28.4,15.0,6.0,9.4,4.2,15.3,9.0,6.7,8.7,16.3,24.7,16.7,2.6,198.2,1256.0,62.611000000000004,1668.0,83.4,Montana,2011
5.9,16.1,0.7,10.2,30.0,17.6,16.5,7.1,1.7,20.9,6.3,18.9,5.9,10.8,6.3,13.2,23.1,20.3,1.6,137.8,1237.0,74.979,2561.0,83.2,Nebraska,2011
7.0,19.4,0.8,12.5,22.7,20.0,19.1,12.2,3.9,17.7,4.6,18.5,7.7,11.5,8.0,14.5,21.2,15.9,2.7,160.4,1529.0,70.462,1610.0,79.8,Nevada,2011
5.0,22.6,0.9,17.6,7.8,18.2,37.8,25.0,5.3,4.0,2.0,24.9,4.4,16.6,5.3,8.9,19.9,18.9,1.2,243.1,1884.0,87.96700000000001,5050.0,76.5,New Hampshire,2011
3.8,22.9,1.0,19.0,4.8,9.2,25.2,36.5,20.9,2.1,1.1,24.7,4.3,26.1,4.1,8.0,15.7,15.8,1.4,332.1,2397.0,100.979,7188.0,76.2,New Jersey,2011
5.2,13.6,0.7,8.4,19.5,19.8,21.6,13.8,6.1,13.1,6.0,16.4,10.8,10.6,8.0,14.0,21.1,15.6,3.5,174.1,1216.0,65.69800000000001,1283.0,85.7,New Mexico,2011
3.1,20.2,0.9,17.1,11.4,10.0,14.6,27.4,23.1,10.5,2.9,22.3,5.3,21.2,5.1,9.4,18.2,16.7,1.8,303.5,1977.0,89.84,4606.0,78.9,New York,2011
4.2,20.5,0.7,16.3,22.5,19.7,19.5,12.4,5.5,15.9,4.4,16.6,9.1,10.6,8.6,14.5,22.1,15.6,2.8,165.4,1246.0,65.803,1405.0,78.8,North Carolina,2011
3.6,14.1,0.7,10.5,24.7,22.3,17.4,7.2,1.7,18.1,8.6,21.8,4.2,10.4,5.4,12.2,23.5,21.1,1.4,147.2,1155.0,78.423,2012.0,85.2,North Dakota,2011
5.2,23.1,0.9,17.9,25.7,19.0,15.8,7.2,2.4,24.5,5.5,17.4,7.8,9.9,8.1,13.8,23.7,17.1,2.2,137.9,1243.0,68.59899999999999,2141.0,76.0,Ohio,2011
4.4,10.1,0.3,5.6,25.4,17.0,12.7,5.9,2.4,27.7,9.0,17.0,8.8,8.2,8.6,14.9,23.4,16.7,2.4,125.6,1108.0,65.792,1153.0,89.6,Oklahoma,2011
6.6,21.7,0.8,15.1,10.7,19.7,29.8,23.5,9.3,4.1,2.9,17.6,7.4,11.1,6.9,12.8,23.6,18.2,2.4,238.6,1546.0,71.65,2526.0,77.5,Oregon,2011
3.9,22.4,0.8,18.5,17.7,18.4,22.2,15.4,5.8,15.5,4.9,19.2,6.7,13.1,6.7,12.3,22.5,17.4,2.1,178.8,1408.0,74.597,2653.0,76.8,Pennsylvania,2011
4.4,24.3,0.9,19.9,8.0,18.9,35.7,23.5,9.7,2.7,1.4,23.7,6.1,15.8,4.7,10.4,19.7,17.9,1.7,244.4,1842.0,85.772,3796.0,74.9,Rhode Island,2011
4.1,17.4,0.7,13.3,22.8,18.0,16.7,10.4,5.9,19.1,7.2,16.3,10.4,8.9,8.6,14.6,22.8,15.4,3.0,152.3,1175.0,63.143,894.0,81.9,South Carolina,2011
4.4,15.2,0.6,10.8,25.2,21.9,16.7,8.8,2.0,17.6,7.7,15.4,5.7,7.6,7.6,14.8,25.7,21.5,1.8,148.8,1178.0,70.3,1956.0,84.2,South Dakota,2011
4.2,15.4,0.4,11.3,24.5,18.7,16.7,9.3,4.1,20.7,6.1,15.3,10.2,8.9,9.1,14.7,22.5,16.7,2.7,147.4,1172.0,63.288000000000004,1090.0,84.2,Tennessee,2011
3.9,8.6,0.4,4.7,24.9,18.3,15.9,9.0,4.1,22.0,5.8,20.0,7.6,14.9,6.8,11.9,20.2,16.4,2.2,144.1,1398.0,76.873,3020.0,91.0,Texas,2011
7.1,19.0,0.9,11.9,15.6,24.7,29.7,17.9,6.0,3.8,2.4,18.5,5.5,9.9,6.4,13.4,25.9,19.0,1.5,209.9,1418.0,72.089,1432.0,80.2,Utah,2011
3.6,21.4,0.3,17.8,12.5,22.2,30.9,19.5,6.6,5.7,2.6,17.9,7.1,11.4,7.4,12.5,22.0,20.3,1.5,220.7,1487.0,74.419,3647.0,78.3,Vermont,2011
5.8,23.0,0.8,17.2,10.8,14.8,25.1,25.0,16.4,5.9,2.1,21.2,5.4,21.8,5.5,9.9,18.3,16.2,1.7,262.8,1707.0,88.389,2128.0,76.2,Virginia,2011
5.3,20.7,1.1,15.3,9.0,16.7,29.1,26.8,13.4,3.2,1.8,21.7,5.5,15.5,5.6,10.6,20.9,18.5,1.7,263.1,1733.0,82.029,2826.0,78.3,Washington,2011
3.2,14.3,0.4,11.1,21.1,15.6,14.3,5.9,1.8,29.1,12.2,15.6,10.9,7.4,10.0,15.2,21.5,15.8,3.6,118.4,937.0,61.318000000000005,696.0,85.3,West Virginia,2011
5.3,22.3,1.0,16.9,23.2,22.3,24.1,11.3,3.4,12.9,2.9,18.7,6.4,9.4,6.6,13.3,24.4,19.3,2.0,172.1,1402.0,72.203,3302.0,76.7,Wisconsin,2011
7.4,14.1,1.1,6.7,18.9,23.2,27.5,12.5,4.2,9.0,4.7,22.5,5.4,8.8,7.7,11.0,22.7,20.1,1.7,187.7,1269.0,77.66,1185.0,84.8,Wyoming,2011
2.7,3.6,0.3,0.9,30.9,22.2,15.0,6.9,2.4,20.9,1.7,5.4,23.1,3.2,15.7,18.1,18.3,7.0,9.2,144.0,888.0,36.333,724.0,96.0,Puerto Rico,2011
4.1,14.2,0.5,10.1,21.7,17.9,16.8,9.0,3.2,23.0,8.5,16.7,9.8,9.0,8.9,13.7,21.5,17.1,3.2,142.6,1104.0,65.297,597.0,85.4,Alabama,2012
2.6,9.6,0.4,7.0,7.4,14.3,38.1,28.9,6.3,2.7,2.3,24.4,4.5,21.8,4.4,8.3,16.5,18.8,1.2,260.4,1831.0,94.352,3098.0,90.0,Alaska,2012
3.7,15.7,0.7,12.0,21.9,17.0,18.3,12.9,5.9,18.3,5.7,18.4,8.1,11.9,8.0,13.4,22.0,15.4,2.8,159.7,1320.0,69.604,1393.0,83.6,Arizona,2012
3.4,7.9,0.2,4.5,22.6,16.1,13.1,6.2,2.1,28.7,11.0,15.4,10.6,7.4,9.9,14.5,23.5,15.9,2.8,121.3,975.0,61.20399999999999,762.0,91.9,Arkansas,2012
5.6,20.9,1.1,15.3,7.2,9.3,18.0,28.5,31.3,4.1,1.7,21.8,5.7,23.2,5.2,9.6,17.1,15.2,2.3,358.1,2119.0,91.024,3336.0,78.0,California,2012
7.5,19.9,1.0,12.3,11.4,18.0,28.5,23.6,11.0,4.9,2.6,20.8,5.7,16.7,5.8,11.1,20.2,17.7,2.0,240.5,1551.0,81.304,1539.0,79.1,Colorado,2012
5.5,24.1,0.8,18.6,8.5,16.1,28.9,26.0,16.2,3.0,1.4,24.4,4.4,24.4,4.0,8.2,16.9,16.3,1.4,270.9,2027.0,97.646,5139.0,75.1,Connecticut,2012
3.8,21.1,0.6,17.3,10.2,20.2,34.3,23.2,5.6,3.5,3.0,21.6,6.3,13.7,5.2,11.9,20.9,18.4,2.1,233.5,1517.0,79.61,1322.0,78.3,Delaware,2012
7.1,21.2,0.6,14.1,2.0,5.5,15.4,30.4,45.1,0.7,1.0,21.8,3.8,37.7,3.8,6.1,13.1,11.3,2.4,464.2,2262.0,119.398,2833.0,78.2,District of Columbia,2012
4.6,19.1,0.6,14.5,20.0,17.8,17.8,11.7,5.8,21.2,5.9,16.0,10.1,10.9,9.3,14.5,20.8,15.1,3.4,156.7,1425.0,64.414,1819.0,80.3,Florida,2012
5.5,17.4,0.8,11.9,21.8,17.9,17.2,11.2,4.7,20.6,6.6,17.9,8.5,13.6,7.3,12.3,21.4,15.7,3.2,152.3,1331.0,71.35300000000001,1587.0,81.8,Georgia,2012
4.8,20.9,1.8,16.1,2.0,3.8,12.1,30.8,49.5,1.2,0.7,25.9,5.5,20.1,3.5,8.6,17.3,17.3,1.8,496.2,2244.0,94.565,1416.0,77.3,Hawaii,2012
5.1,17.0,1.0,11.9,26.7,21.2,19.7,9.7,3.8,15.8,3.0,14.6,9.3,7.5,9.3,15.1,26.1,15.7,2.4,158.4,1174.0,62.118,1240.0,81.9,Idaho,2012
4.2,19.1,0.7,14.9,17.9,17.8,21.4,15.3,7.3,15.9,4.4,20.9,6.5,16.5,5.9,11.0,19.9,17.4,1.9,180.2,1618.0,80.94800000000001,4328.0,80.3,Illinois,2012
4.2,16.5,0.4,12.3,26.4,17.7,14.0,6.4,1.9,26.9,6.7,17.0,8.1,8.1,8.2,14.9,23.7,17.9,2.1,129.6,1069.0,66.792,1126.0,83.0,Indiana,2012
4.6,15.2,0.6,10.6,23.9,18.7,16.3,7.3,1.8,24.8,7.2,18.7,6.4,8.6,7.4,13.1,24.8,19.4,1.6,137.0,1140.0,71.36,1962.0,84.2,Iowa,2012
4.3,13.8,0.6,9.5,22.7,18.9,17.6,8.6,2.5,21.9,7.9,20.5,6.1,11.3,7.0,12.3,23.1,17.8,1.9,144.8,1250.0,74.497,1989.0,85.6,Kansas,2012
4.1,17.3,0.6,13.2,26.2,18.1,14.7,7.7,2.6,22.5,8.2,16.9,9.5,8.3,8.5,14.2,22.3,17.2,3.0,135.8,1084.0,66.183,1189.0,82.1,Kentucky,2012
3.6,10.4,0.6,6.8,20.7,21.5,19.9,9.8,3.2,16.2,8.6,19.0,9.5,11.5,7.7,12.7,19.9,16.2,3.3,158.3,1148.0,70.67399999999999,819.0,89.0,Louisiana,2012
3.1,19.9,0.9,16.9,18.3,21.8,23.6,14.1,4.4,13.4,4.3,16.9,8.8,8.0,8.7,14.5,23.6,17.7,2.0,180.2,1300.0,66.223,2273.0,79.2,Maine,2012
5.6,22.0,0.9,16.4,7.2,12.8,28.3,29.0,17.3,3.3,2.0,25.0,4.0,26.0,4.2,7.8,16.1,15.4,1.6,286.5,1918.0,101.171,3184.0,77.1,Maryland,2012
4.4,22.6,0.8,18.2,4.9,9.9,26.1,35.9,20.2,1.6,1.3,24.8,4.2,25.4,4.1,7.7,16.3,15.8,1.7,326.6,2010.0,100.244,3853.0,76.6,Massachusetts,2012
4.3,20.4,0.5,16.2,21.4,17.0,14.4,6.8,2.5,25.9,12.0,17.6,8.4,10.5,7.9,13.7,22.5,16.8,2.6,125.5,1233.0,68.744,2288.0,79.0,Michigan,2012
6.5,22.5,0.7,16.1,19.3,22.1,24.4,15.1,5.2,10.6,3.3,22.0,4.7,15.0,5.2,11.0,21.4,19.2,1.4,186.1,1465.0,82.353,2302.0,76.8,Minnesota,2012
3.0,9.8,0.6,6.8,20.3,17.7,13.9,5.5,1.9,27.5,13.3,14.5,11.8,7.8,10.5,15.0,22.0,14.6,3.8,121.0,1031.0,59.736999999999995,918.0,89.6,Mississippi,2012
4.4,14.9,0.5,10.5,23.4,19.1,17.2,8.5,3.2,21.5,7.1,16.8,7.9,9.9,8.2,13.8,23.8,17.2,2.4,145.5,1176.0,67.99,1481.0,84.6,Missouri,2012
3.4,11.7,0.7,8.3,14.6,22.3,27.9,15.8,6.1,8.6,4.7,17.5,8.8,7.7,7.9,14.0,23.4,18.5,2.2,199.6,1233.0,68.10300000000001,1712.0,87.6,Montana,2012
4.4,13.8,0.6,9.4,29.3,18.5,15.6,6.8,2.2,21.3,6.3,19.8,6.0,10.4,6.2,12.9,24.1,19.0,1.4,138.0,1229.0,74.12100000000001,2568.0,85.6,Nebraska,2012
6.2,16.1,0.8,9.9,24.1,19.6,18.7,9.6,3.9,19.2,5.0,18.7,7.4,11.0,8.4,13.1,22.0,17.1,2.4,153.4,1433.0,71.02199999999999,1503.0,83.1,Nevada,2012
3.8,20.8,0.5,17.0,9.4,18.1,36.7,23.6,5.9,4.2,2.2,23.7,5.3,17.9,4.1,9.2,19.5,19.0,1.3,241.3,1828.0,88.49,5236.0,78.7,New Hampshire,2012
3.5,20.8,0.9,17.3,5.4,10.6,26.4,34.6,19.4,2.4,1.2,24.2,4.1,27.4,4.1,7.4,15.5,15.9,1.4,318.4,2342.0,101.70299999999999,7312.0,78.3,New Jersey,2012
4.4,12.2,0.7,7.7,20.8,21.1,21.3,12.8,5.3,13.2,5.6,16.6,10.9,10.1,9.0,13.0,21.0,15.8,3.7,171.4,1193.0,65.215,1351.0,87.2,New Mexico,2012
2.6,18.9,0.7,16.3,11.1,10.1,15.0,27.6,22.4,10.9,2.9,22.6,5.4,21.9,5.1,9.0,17.9,16.5,1.7,299.7,1967.0,90.92399999999999,4669.0,80.4,New York,2012
3.9,19.2,0.6,15.3,23.3,18.7,19.1,12.2,5.2,16.6,4.7,16.9,8.8,10.9,8.2,13.7,22.0,16.7,2.7,162.1,1209.0,67.875,1406.0,80.2,North Carolina,2012
3.8,13.3,0.5,9.5,21.0,21.0,22.3,10.5,2.2,14.9,8.1,22.6,4.4,12.4,5.5,11.3,21.4,21.3,1.1,161.6,1205.0,81.73,2099.0,86.2,North Dakota,2012
4.6,21.2,0.6,16.6,25.3,18.1,15.6,7.5,2.2,25.2,6.0,18.1,7.8,10.9,7.4,13.4,22.9,17.5,1.9,135.7,1215.0,70.84899999999999,2193.0,78.2,Ohio,2012
4.1,9.1,0.4,5.0,26.3,17.1,13.4,6.1,2.3,25.9,8.8,16.5,8.5,9.3,8.1,14.5,23.4,17.4,2.3,127.2,1111.0,67.288,1205.0,90.5,Oklahoma,2012
5.5,19.6,0.9,14.1,12.5,19.6,29.6,22.7,8.4,4.2,3.0,19.8,6.9,11.3,6.6,12.6,22.9,17.5,2.4,231.5,1544.0,73.328,2591.0,79.5,Oregon,2012
3.5,20.3,0.8,16.9,18.0,18.1,22.3,14.7,5.9,15.9,5.1,20.2,6.6,13.7,6.4,11.5,21.5,18.1,2.1,176.7,1382.0,77.138,2725.0,78.9,Pennsylvania,2012
5.1,22.8,0.7,17.7,9.9,21.5,33.5,21.8,8.6,3.1,1.7,22.7,5.6,17.1,4.9,10.3,19.4,18.0,2.1,236.4,1774.0,84.818,3918.0,76.5,Rhode Island,2012
3.9,15.9,0.7,12.0,22.3,18.4,16.9,11.0,5.0,19.0,7.4,16.0,8.8,10.2,8.2,14.7,22.9,16.3,2.8,153.0,1155.0,65.791,886.0,83.5,South Carolina,2012
3.0,12.2,0.6,9.2,25.4,20.0,18.7,9.0,2.1,16.8,8.0,16.4,5.9,8.4,7.7,14.7,24.7,20.5,1.7,149.7,1174.0,69.582,1988.0,87.2,South Dakota,2012
4.2,13.8,0.5,9.6,24.6,17.7,16.8,9.5,4.0,21.0,6.5,15.1,10.2,9.4,9.4,14.9,22.7,15.8,2.6,145.8,1143.0,62.902,1127.0,85.7,Tennessee,2012
3.6,7.7,0.3,4.1,24.7,18.6,15.6,9.4,4.3,21.5,5.9,20.5,6.8,16.0,6.7,11.7,19.7,16.3,2.2,145.4,1374.0,78.895,3021.0,92.0,Texas,2012
6.7,17.3,0.5,10.6,18.3,24.5,28.8,16.0,5.9,4.2,2.2,19.8,5.5,10.4,5.9,13.2,24.6,19.0,1.7,202.2,1396.0,74.12,1448.0,82.2,Utah,2012
2.4,20.6,0.6,18.2,12.8,20.1,33.7,18.7,6.9,5.3,2.5,19.7,6.2,10.1,6.7,12.1,24.2,18.9,1.9,225.3,1478.0,73.468,3758.0,78.7,Vermont,2012
5.3,21.4,0.7,16.1,10.6,15.7,24.0,24.1,16.8,6.5,2.3,21.6,5.5,22.5,5.2,9.7,18.0,15.9,1.8,257.4,1670.0,90.00399999999999,2108.0,78.0,Virginia,2012
5.2,19.2,0.9,13.9,10.2,17.8,28.8,24.9,12.4,3.8,2.1,22.5,5.3,16.9,5.4,10.7,20.2,17.3,1.8,249.3,1715.0,83.287,2848.0,79.9,Washington,2012
2.7,13.0,0.3,10.3,22.8,16.2,13.5,6.4,1.7,27.9,11.4,15.3,10.6,7.2,8.9,14.9,23.3,17.4,2.6,119.9,931.0,62.698,711.0,86.7,West Virginia,2012
5.4,20.8,0.8,15.3,22.9,22.0,23.5,11.1,3.3,14.0,3.2,20.2,6.1,9.8,6.5,12.6,23.5,19.5,1.7,169.5,1376.0,74.471,3322.0,78.4,Wisconsin,2012
5.6,12.0,0.3,6.4,15.2,25.5,27.0,15.0,6.0,6.7,4.5,21.1,6.3,11.8,5.3,10.7,21.5,21.3,2.0,195.7,1297.0,79.938,1216.0,87.6,Wyoming,2012
2.5,3.4,0.2,0.9,34.1,21.8,14.7,6.0,2.9,18.7,1.7,5.0,23.6,3.3,14.7,19.7,18.4,7.3,8.0,143.1,881.0,37.209,682.0,96.3,Puerto Rico,2012
3.6,13.3,0.6,9.7,22.3,17.4,16.7,9.3,3.1,22.2,9.0,16.8,9.5,9.9,8.1,14.5,22.1,16.0,3.1,141.4,1093.0,65.89,595.0,86.1,Alabama,2013
2.7,9.3,0.6,6.7,6.5,15.4,36.4,30.4,6.8,2.5,1.9,27.4,4.3,22.9,2.9,7.5,16.1,18.0,1.1,266.8,1746.0,100.319,3175.0,90.1,Alaska,2013
3.7,14.7,0.7,11.0,19.4,18.5,21.4,15.3,6.9,13.2,5.4,18.3,8.3,13.1,7.5,13.3,20.7,15.8,3.1,178.2,1277.0,71.112,1394.0,84.6,Arizona,2013
3.0,7.0,0.2,4.1,23.8,16.2,13.3,6.3,2.4,26.7,11.3,16.1,10.7,8.6,9.2,14.9,21.9,15.5,3.2,124.7,979.0,62.24100000000001,800.0,92.7,Arkansas,2013
4.7,18.5,1.1,13.8,5.7,8.0,16.3,29.2,34.9,3.2,2.8,21.7,5.6,25.0,5.0,9.1,16.8,14.8,2.2,383.2,2059.0,93.538,3412.0,80.4,California,2013
7.0,18.7,0.8,11.7,10.4,16.6,29.4,23.9,11.6,4.7,3.4,21.5,5.7,17.9,6.0,10.9,18.8,17.2,1.9,246.5,1516.0,84.26700000000001,1558.0,80.4,Colorado,2013
4.6,20.6,0.7,16.1,8.9,15.6,26.7,26.8,16.5,2.9,2.7,24.0,3.8,26.8,3.8,7.5,16.8,16.0,1.4,272.8,1986.0,100.866,5399.0,78.7,Connecticut,2013
3.7,17.3,0.9,13.6,10.1,19.1,31.0,24.7,6.5,4.4,4.3,20.6,5.9,17.2,6.4,11.0,20.4,16.2,2.3,233.9,1504.0,80.332,1366.0,81.8,Delaware,2013
6.2,19.4,1.1,13.2,1.5,3.9,12.6,30.7,46.5,1.8,3.0,20.8,3.1,39.5,3.3,5.3,12.1,13.5,2.5,472.2,2236.0,123.456,2794.0,79.5,District of Columbia,2013
3.7,16.5,0.7,12.7,19.1,17.3,18.8,12.9,6.7,18.5,6.6,16.4,10.2,12.1,8.3,13.6,21.2,15.0,3.2,163.6,1368.0,66.38600000000001,1808.0,82.8,Florida,2013
5.1,16.1,0.7,11.0,20.7,17.3,16.7,11.9,5.2,20.6,7.7,18.1,8.0,13.8,7.5,12.4,20.7,16.3,3.3,152.4,1288.0,72.247,1507.0,83.2,Georgia,2013
3.4,21.1,0.8,17.7,1.8,3.3,11.0,31.2,50.0,1.1,1.5,26.0,4.9,23.6,4.5,6.9,16.4,16.0,1.7,500.4,2220.0,99.096,1435.0,78.1,Hawaii,2013
5.2,15.6,0.7,10.4,25.0,23.1,19.6,10.6,4.2,13.2,4.3,14.2,7.9,7.7,9.4,15.5,25.4,17.5,2.5,162.7,1142.0,63.271,1215.0,83.8,Idaho,2013
3.6,17.4,0.6,13.8,17.1,17.2,21.2,15.3,7.6,16.1,5.5,21.1,6.2,17.5,6.1,10.6,19.6,16.6,2.2,179.7,1565.0,81.661,4327.0,82.0,Illinois,2013
3.6,15.5,0.6,11.9,26.1,17.1,14.2,7.1,2.2,25.8,7.5,17.6,8.1,8.9,8.1,14.3,23.0,17.8,2.2,129.9,1062.0,68.672,1141.0,83.9,Indiana,2013
4.2,14.7,0.4,10.5,24.3,18.5,15.7,7.8,1.9,24.1,7.7,19.8,6.0,10.0,7.0,13.3,23.2,19.1,1.7,136.6,1118.0,73.661,2026.0,84.8,Iowa,2013
3.2,11.5,0.5,8.3,20.9,19.6,17.2,9.2,2.9,21.4,8.8,20.0,5.7,12.8,6.4,11.9,22.5,18.5,2.1,147.4,1241.0,76.344,1986.0,88.0,Kansas,2013
3.6,15.3,0.6,11.7,24.6,17.8,15.4,8.2,2.8,21.9,9.3,17.6,9.1,9.0,8.1,13.7,22.8,16.3,3.3,137.4,1074.0,66.23,1202.0,84.1,Kentucky,2013
3.2,10.7,0.6,7.5,20.5,21.1,20.5,10.9,3.3,15.4,8.3,19.9,8.4,13.1,7.6,12.1,19.8,16.3,2.8,161.4,1166.0,73.786,903.0,88.7,Louisiana,2013
2.8,18.8,0.5,16.1,19.4,20.8,23.9,13.9,4.7,12.3,5.0,16.7,8.1,10.0,8.0,13.5,22.8,19.0,1.8,178.8,1268.0,70.181,2337.0,80.7,Maine,2013
4.8,20.6,0.8,15.7,7.2,12.7,26.6,29.5,17.3,3.6,3.1,24.2,4.0,26.4,4.1,7.6,16.3,15.6,1.7,287.6,1867.0,100.73,3193.0,78.6,Maryland,2013
4.0,21.0,0.8,17.0,4.9,9.6,24.2,35.8,21.2,1.5,2.8,24.7,4.1,26.1,4.1,7.1,16.3,16.0,1.6,330.6,1976.0,100.943,3971.0,78.2,Massachusetts,2013
4.1,17.7,0.6,13.6,20.9,17.0,15.1,8.2,2.6,24.7,11.6,18.2,7.9,11.6,7.8,13.2,22.0,16.9,2.5,130.2,1207.0,70.833,2277.0,81.7,Michigan,2013
5.5,20.1,0.8,14.6,18.7,21.7,24.5,15.5,5.8,9.6,4.4,22.7,5.0,15.6,5.3,10.3,21.0,18.7,1.4,188.7,1438.0,83.41799999999999,2260.0,79.2,Minnesota,2013
2.7,9.0,0.5,6.3,19.4,16.8,15.0,5.8,2.0,27.8,13.1,14.7,12.2,8.1,9.6,13.9,22.5,15.1,3.9,121.7,1021.0,60.551,944.0,90.5,Mississippi,2013
3.6,13.1,0.5,9.5,23.5,18.3,16.8,8.8,3.6,21.1,8.0,17.5,8.2,11.2,7.6,13.3,22.8,17.0,2.5,144.2,1162.0,69.881,1487.0,86.5,Missouri,2013
3.6,11.1,0.5,7.5,13.4,21.2,27.9,17.3,6.7,7.8,5.6,17.6,7.2,9.9,8.0,13.7,24.6,17.1,1.8,206.2,1259.0,69.02,1732.0,88.4,Montana,2013
4.4,13.2,0.4,8.8,29.1,18.5,16.9,7.1,2.3,19.4,6.6,20.6,5.3,11.0,6.9,12.4,23.1,19.0,1.8,141.5,1226.0,75.538,2595.0,86.4,Nebraska,2013
5.0,14.2,0.6,9.3,20.3,19.7,22.9,13.1,4.0,14.4,5.6,18.7,7.8,11.6,7.9,12.6,22.8,16.2,2.4,169.0,1361.0,70.521,1474.0,85.1,Nevada,2013
3.2,18.6,0.7,15.5,9.9,17.3,34.7,25.0,5.4,4.0,3.6,25.1,4.1,17.6,4.2,9.6,19.7,18.3,1.3,239.5,1778.0,89.198,5269.0,80.6,New Hampshire,2013
2.9,19.8,0.9,16.9,5.6,10.4,25.4,33.0,19.9,2.6,3.1,24.1,4.3,28.8,3.8,7.4,15.1,14.7,1.8,314.2,2296.0,104.023,7432.0,79.4,New Jersey,2013
3.8,10.8,0.4,7.0,20.5,21.7,22.2,12.0,5.7,12.1,5.9,18.0,10.1,11.2,7.7,12.8,20.5,15.4,4.4,172.7,1193.0,68.225,1342.0,88.8,New Mexico,2013
2.6,18.0,0.6,15.4,11.3,9.9,15.4,26.3,22.8,10.2,4.0,23.0,5.1,23.2,4.9,8.9,17.0,16.0,1.8,293.9,1956.0,93.214,4832.0,81.4,New York,2013
3.4,17.4,0.6,14.1,21.6,19.4,19.4,12.9,5.4,15.7,5.6,16.9,7.9,12.1,8.1,13.5,21.9,16.5,3.0,165.5,1205.0,69.692,1423.0,82.0,North Carolina,2013
3.0,12.1,0.5,9.1,19.1,19.1,25.7,11.9,2.5,14.9,6.9,22.3,3.3,13.2,5.5,11.4,20.8,22.6,0.9,169.4,1207.0,84.279,1998.0,87.3,North Dakota,2013
4.4,19.6,0.6,15.2,24.3,17.8,15.8,7.6,2.6,25.1,6.9,18.9,7.3,11.8,7.3,13.1,21.9,17.4,2.3,135.9,1209.0,72.263,2192.0,79.8,Ohio,2013
3.4,7.5,0.6,4.1,25.3,18.2,13.5,6.4,2.3,25.3,9.0,17.9,8.2,9.9,7.9,13.9,22.8,16.9,2.5,130.2,1094.0,69.105,1211.0,91.9,Oklahoma,2013
4.7,17.3,1.2,12.6,10.8,18.6,29.4,23.9,9.3,3.9,4.2,20.0,7.2,12.6,6.0,12.3,21.5,18.0,2.4,238.9,1502.0,75.704,2606.0,81.6,Oregon,2013
3.1,18.8,0.7,15.7,17.5,18.1,22.1,15.4,5.8,15.3,5.9,20.5,6.4,14.9,6.3,11.5,20.9,17.3,2.1,178.0,1373.0,78.52199999999999,2812.0,80.5,Pennsylvania,2013
4.5,23.6,0.5,19.1,11.1,21.8,28.9,22.5,9.1,2.9,3.6,22.4,4.8,20.3,5.2,10.5,17.6,17.8,1.4,233.4,1751.0,87.59700000000001,3905.0,75.9,Rhode Island,2013
3.3,14.9,0.6,11.6,22.5,18.3,17.5,11.1,5.4,17.8,7.4,17.1,8.9,9.7,8.9,13.9,21.6,16.5,3.3,155.5,1144.0,66.986,919.0,84.5,South Carolina,2013
3.8,12.6,0.7,8.8,24.7,22.2,16.9,9.1,3.1,16.2,7.8,17.3,5.3,9.4,6.0,14.5,26.2,19.9,1.5,152.3,1150.0,71.236,2011.0,86.7,South Dakota,2013
3.5,12.6,0.5,9.1,24.1,18.0,16.5,10.0,4.1,20.2,7.0,15.7,8.9,10.3,8.5,14.5,22.7,16.1,3.2,147.4,1138.0,65.719,1154.0,86.9,Tennessee,2013
2.8,6.7,0.3,3.9,23.6,17.6,16.9,10.5,4.7,20.3,6.3,21.0,6.5,17.8,6.2,11.0,19.1,16.0,2.4,149.6,1375.0,81.777,3119.0,93.0,Texas,2013
5.3,15.4,0.5,10.1,15.4,22.2,29.5,18.9,6.5,3.4,4.0,20.7,5.4,11.8,5.9,11.8,23.5,19.5,1.5,214.3,1377.0,76.937,1458.0,84.1,Utah,2013
2.2,19.8,0.3,17.6,13.7,19.2,31.0,20.5,6.5,5.4,3.8,19.6,7.0,13.2,7.3,11.5,21.8,18.2,1.5,222.9,1482.0,76.275,3816.0,79.9,Vermont,2013
4.5,19.6,0.7,15.0,10.8,15.0,22.3,24.9,17.6,5.8,3.6,21.6,5.0,23.3,5.1,10.1,17.6,15.4,1.9,262.0,1645.0,90.992,2078.0,79.7,Virginia,2013
4.6,16.8,0.7,12.2,9.6,16.5,27.8,25.8,13.8,3.4,3.1,22.3,5.0,18.0,5.5,10.1,19.6,17.2,2.3,259.7,1667.0,84.655,2824.0,82.6,Washington,2013
2.5,11.4,0.6,8.9,21.3,17.8,13.3,6.7,1.6,28.3,11.1,15.2,10.9,7.8,8.6,14.1,24.3,16.5,2.6,122.6,939.0,62.93600000000001,725.0,88.1,West Virginia,2013
4.6,19.4,0.6,14.8,22.7,21.0,22.7,11.8,3.4,14.3,4.1,20.6,6.1,10.7,6.8,12.2,23.0,18.9,1.7,168.3,1352.0,75.221,3304.0,80.0,Wisconsin,2013
5.7,10.8,0.6,5.1,13.7,23.9,29.3,17.1,5.5,6.3,4.1,24.7,5.7,11.6,5.8,9.7,21.2,19.6,1.8,205.2,1330.0,82.738,1260.0,88.6,Wyoming,2013
2.2,3.2,0.4,0.9,32.6,24.2,14.7,5.5,2.6,17.7,2.7,6.3,22.0,3.5,15.9,18.3,17.8,7.7,8.5,144.9,877.0,37.441,651.0,96.5,Puerto Rico,2013
3.3,12.6,0.6,9.3,21.5,17.2,18.2,9.7,3.0,21.6,8.8,18.0,9.9,10.5,8.2,14.0,20.9,15.3,3.2,145.7,1119.0,66.546,603.0,86.8,Alabama,2014
2.3,8.8,0.5,6.5,5.7,15.4,35.6,30.9,7.4,2.5,2.6,28.6,3.0,23.4,2.7,7.3,18.1,15.5,1.5,268.7,1797.0,102.65899999999999,3260.0,90.7,Alaska,2014
3.0,12.5,0.5,9.5,16.7,19.0,22.4,17.7,8.3,11.0,4.9,18.6,7.6,14.6,7.6,12.7,20.7,15.3,2.9,194.9,1273.0,72.609,1401.0,87.0,Arizona,2014
2.5,7.3,0.2,4.8,23.4,17.2,13.6,6.9,2.4,26.2,10.4,16.5,9.7,9.2,9.2,15.7,21.6,15.6,2.5,128.2,995.0,63.705,835.0,92.5,Arkansas,2014
4.1,17.0,0.8,12.9,4.1,6.2,14.7,30.0,40.2,2.1,2.7,21.8,5.4,26.4,5.0,8.5,16.0,14.8,2.1,427.7,2068.0,96.305,3548.0,82.1,California,2014
6.0,16.3,0.7,10.4,8.2,15.6,28.1,26.9,13.6,4.0,3.5,22.2,5.4,19.4,5.5,9.7,19.3,16.5,2.0,263.5,1536.0,86.219,1560.0,82.9,Colorado,2014
4.0,20.6,0.5,16.6,9.3,15.8,27.1,26.1,16.3,2.7,2.8,24.0,3.5,27.9,4.0,7.8,15.2,16.2,1.4,271.0,1994.0,102.375,5472.0,78.9,Connecticut,2014
4.1,16.4,1.1,12.3,11.1,18.4,30.9,25.0,6.3,4.5,3.9,21.2,6.0,17.0,6.0,12.0,18.7,16.3,2.8,234.6,1460.0,81.238,1326.0,82.5,Delaware,2014
5.6,19.7,1.1,14.1,1.9,3.3,12.7,28.7,49.7,1.4,2.3,20.0,3.3,42.5,2.8,4.7,11.9,12.2,2.6,497.9,2194.0,125.87,2649.0,79.2,District of Columbia,2014
3.3,14.9,0.6,11.6,17.3,17.9,20.2,15.0,7.1,16.3,6.2,17.2,9.1,12.8,8.3,13.1,21.0,15.2,3.3,173.5,1364.0,68.407,1808.0,84.4,Florida,2014
4.3,13.8,0.5,9.5,20.9,17.3,17.5,13.0,5.8,18.6,6.9,18.1,7.7,15.5,6.7,12.7,20.6,16.1,2.6,158.8,1285.0,74.446,1506.0,85.6,Georgia,2014
3.6,20.0,0.5,16.4,1.7,2.4,11.5,28.2,53.7,1.0,1.5,26.5,4.5,24.1,3.1,7.9,15.2,16.8,1.9,531.3,2173.0,100.63600000000001,1423.0,79.5,Hawaii,2014
4.6,15.7,0.3,11.2,24.4,22.2,22.1,12.1,4.5,11.2,3.6,15.5,8.5,10.0,8.5,14.8,23.9,16.6,2.1,172.7,1138.0,65.438,1290.0,84.0,Idaho,2014
3.2,16.4,0.5,13.2,17.0,16.9,21.0,16.0,8.4,15.2,5.4,21.4,5.8,19.2,5.8,10.5,18.4,16.7,2.1,183.9,1584.0,85.072,4354.0,83.1,Illinois,2014
3.1,14.5,0.5,11.4,26.6,17.4,14.2,7.3,2.2,25.1,7.2,17.8,7.4,9.5,7.8,14.3,23.4,17.8,2.0,132.0,1082.0,69.207,1154.0,85.0,Indiana,2014
4.0,14.0,0.7,10.0,23.5,18.1,17.8,8.5,2.3,22.6,7.3,20.6,6.0,11.8,6.1,12.3,22.8,18.7,1.7,142.7,1173.0,76.19800000000001,2118.0,85.4,Iowa,2014
2.7,10.6,0.5,7.9,21.2,18.1,17.9,9.9,2.9,21.3,8.7,20.5,5.9,13.5,6.0,11.5,22.1,18.8,1.7,147.2,1256.0,78.366,2001.0,88.9,Kansas,2014
3.6,15.2,0.5,11.6,25.1,18.2,16.3,8.2,2.8,21.8,7.7,17.6,9.0,9.7,7.7,13.6,22.2,17.2,3.0,140.3,1100.0,68.29899999999999,1233.0,84.3,Kentucky,2014
2.7,9.0,0.5,6.4,20.1,21.3,20.1,11.3,3.7,15.6,7.8,20.0,8.9,13.5,7.6,12.4,19.2,15.7,2.8,162.4,1178.0,73.333,911.0,90.4,Louisiana,2014
2.5,19.5,0.4,17.0,16.5,21.5,25.7,14.1,5.2,11.6,5.3,18.8,7.3,10.8,8.8,11.8,21.8,18.4,2.3,186.8,1322.0,71.874,2500.0,80.1,Maine,2014
4.7,19.6,0.9,15.0,6.6,11.2,26.2,30.9,18.6,3.2,3.2,24.4,3.8,27.9,3.8,7.5,15.7,15.2,1.7,297.9,1903.0,103.12200000000001,3267.0,79.4,Maryland,2014
3.5,19.7,0.7,16.2,4.2,8.9,23.2,36.4,23.2,1.2,2.8,25.0,4.0,28.9,3.9,6.9,14.6,15.1,1.5,343.5,2014.0,105.884,4106.0,79.5,Massachusetts,2014
3.3,16.4,0.5,13.1,20.5,17.3,16.3,9.6,3.1,22.9,10.2,19.1,7.4,12.4,7.3,12.8,21.9,16.8,2.3,140.2,1217.0,72.702,2325.0,83.1,Michigan,2014
5.0,18.7,0.7,13.7,16.8,21.4,26.0,17.0,5.9,8.5,4.4,23.0,4.5,17.6,5.3,10.2,19.9,18.0,1.4,197.2,1454.0,86.001,2266.0,80.6,Minnesota,2014
2.2,9.2,0.3,7.0,20.7,17.7,14.6,7.0,1.7,27.0,11.2,15.9,10.9,8.0,10.1,14.4,20.6,16.2,3.9,126.3,1079.0,62.004,1047.0,90.4,Mississippi,2014
3.2,12.4,0.5,9.2,23.0,18.3,18.4,9.4,3.6,19.8,7.5,18.3,7.0,11.6,7.6,13.1,22.3,17.8,2.4,149.3,1187.0,71.914,1485.0,87.1,Missouri,2014
2.8,11.4,0.3,8.6,12.3,20.5,29.5,19.2,6.6,7.7,4.3,18.3,7.5,10.2,7.8,13.6,23.6,16.6,2.4,215.2,1251.0,69.249,1792.0,88.3,Montana,2014
3.6,11.7,0.4,8.1,28.9,17.9,17.5,8.1,2.7,18.7,6.2,21.6,5.1,12.0,6.2,11.5,22.6,19.6,1.3,143.9,1261.0,78.285,2666.0,87.9,Nebraska,2014
3.3,11.3,0.6,8.0,15.8,20.4,26.5,17.5,5.8,9.5,4.5,18.7,6.9,12.1,7.4,12.8,22.5,17.2,2.4,199.3,1331.0,72.219,1472.0,88.1,Nevada,2014
3.1,18.2,0.5,15.2,9.1,18.7,34.6,24.3,6.5,3.5,3.2,25.2,3.7,21.7,4.7,8.4,17.9,17.3,1.1,242.4,1828.0,95.11399999999999,5408.0,81.2,New Hampshire,2014
2.7,18.3,0.8,15.6,5.4,10.6,23.8,34.0,20.8,2.2,3.1,24.5,4.1,30.3,3.8,7.1,14.2,14.5,1.7,322.5,2313.0,107.45200000000001,7625.0,81.0,New Jersey,2014
4.2,10.4,0.5,6.2,20.1,21.4,21.2,13.3,5.6,12.0,6.4,16.1,9.8,11.0,7.9,13.7,20.5,17.5,3.6,172.7,1195.0,67.616,1400.0,89.1,New Mexico,2014
2.1,16.5,0.5,14.4,11.3,10.1,14.8,26.1,23.9,10.2,3.7,22.7,4.9,24.3,4.7,8.6,17.0,15.9,2.0,299.5,1982.0,94.49700000000001,4982.0,83.0,New York,2014
3.3,16.7,0.6,13.4,21.3,18.7,20.0,13.7,5.7,15.3,5.4,17.9,8.1,12.8,7.7,13.3,21.3,16.6,2.3,168.1,1224.0,71.498,1461.0,82.6,North Carolina,2014
3.4,12.5,0.6,9.1,18.9,18.3,25.9,14.7,4.1,12.8,5.3,23.4,2.8,17.7,4.3,9.5,21.1,20.1,1.1,181.9,1267.0,87.052,1884.0,86.9,North Dakota,2014
3.8,17.8,0.5,14.0,23.7,18.1,16.0,8.3,2.6,24.5,6.7,19.8,6.9,12.6,6.9,12.3,21.9,17.4,2.1,138.6,1211.0,74.778,2250.0,81.7,Ohio,2014
3.2,7.2,0.3,4.0,24.5,18.5,15.1,6.7,2.9,23.8,8.5,18.6,7.5,11.7,7.7,12.3,22.6,17.1,2.4,135.7,1143.0,71.619,1286.0,92.4,Oklahoma,2014
4.4,15.8,0.8,11.5,9.7,16.3,30.2,25.7,10.3,3.8,4.1,20.7,6.4,14.2,5.9,11.7,21.1,17.8,2.0,249.6,1500.0,78.44,2710.0,83.3,Oregon,2014
2.7,18.1,0.6,15.4,17.6,18.3,22.0,15.7,6.1,14.8,5.5,21.0,6.2,15.9,5.9,11.0,20.4,17.5,2.1,178.8,1400.0,80.658,2856.0,81.3,Pennsylvania,2014
4.4,22.3,0.5,17.8,11.2,20.3,30.9,23.4,8.3,2.9,3.1,22.1,4.2,19.9,5.5,10.1,19.2,17.5,1.5,237.1,1745.0,87.161,3905.0,77.2,Rhode Island,2014
3.1,12.8,0.4,9.6,21.7,17.9,18.2,11.3,6.0,17.3,7.6,17.3,9.2,10.6,8.1,13.6,21.0,17.2,3.0,158.3,1164.0,68.08,936.0,86.8,South Carolina,2014
2.7,11.8,0.6,9.1,22.8,21.7,20.0,10.2,2.8,15.4,7.2,19.6,5.3,9.8,6.1,13.1,24.2,20.7,1.2,158.0,1201.0,75.138,2069.0,87.5,South Dakota,2014
3.8,12.8,0.4,9.0,22.7,18.2,17.4,10.8,4.9,19.6,6.4,16.5,9.2,11.1,8.4,14.1,21.5,16.3,2.8,152.9,1167.0,66.987,1174.0,86.8,Tennessee,2014
2.5,6.1,0.3,3.5,21.5,18.6,17.6,12.2,5.5,18.4,6.2,21.4,6.5,19.1,5.8,10.3,18.8,16.0,2.1,158.8,1419.0,84.34700000000001,3223.0,93.7,Texas,2014
5.1,14.5,0.5,9.4,13.2,20.2,31.3,21.3,7.5,2.6,3.8,20.5,4.5,13.2,5.4,10.7,24.4,19.8,1.6,226.9,1393.0,79.053,1488.0,85.0,Utah,2014
2.4,17.8,0.7,15.5,12.7,20.5,31.6,20.7,5.4,5.6,3.6,20.4,6.4,11.7,6.2,12.8,21.7,19.1,1.8,221.9,1504.0,76.36399999999999,3920.0,81.5,Vermont,2014
4.3,18.3,0.8,14.0,10.2,14.0,22.2,25.3,19.2,5.5,3.5,22.3,5.1,24.4,4.7,9.1,17.2,15.6,1.6,272.6,1664.0,94.243,2209.0,81.0,Virginia,2014
4.0,16.1,0.6,12.1,8.5,13.9,27.3,27.3,16.6,3.3,3.1,22.8,4.9,20.0,5.1,9.3,19.0,17.0,1.9,276.2,1673.0,88.146,2867.0,83.2,Washington,2014
2.1,10.7,0.4,8.5,23.2,16.0,15.2,6.9,1.5,27.4,9.7,16.3,9.0,8.3,8.4,15.0,23.1,16.8,3.1,127.2,945.0,65.023,737.0,89.0,West Virginia,2014
4.2,17.8,0.7,13.6,22.1,21.6,22.7,12.3,3.4,13.9,4.0,21.0,5.7,12.0,6.1,11.9,22.4,19.2,1.7,169.7,1373.0,77.336,3323.0,81.5,Wisconsin,2014
3.3,10.3,0.7,7.0,13.4,21.9,30.2,17.1,6.6,5.9,4.9,26.6,6.0,12.2,5.0,10.7,18.4,19.7,1.3,211.9,1311.0,83.899,1277.0,89.0,Wyoming,2014
2.1,3.1,0.2,0.9,33.9,21.8,14.3,5.5,2.6,19.3,2.7,6.7,22.6,3.7,14.7,17.8,18.6,6.6,9.2,140.2,883.0,37.469,723.0,96.7,Puerto Rico,2014
3.3,11.8,0.4,8.4,57.3,10.7,2.5,0.8,0.6,21.6,6.5,18.1,8.8,11.8,7.5,12.8,21.8,16.3,2.8,151.8,0.1,70.359,,87.9,Alabama,2015
1.5,8.6,0.4,7.1,54.6,33.0,6.7,1.4,0.4,2.3,1.5,25.7,2.9,25.1,3.2,8.7,16.4,16.7,1.2,276.1,0.0,100.77600000000001,,91.1,Alaska,2015
3.0,11.8,0.5,8.8,60.0,19.2,5.7,1.7,1.5,9.1,2.7,18.6,7.3,15.0,7.0,12.2,20.6,16.1,3.1,211.6,0.1,74.562,,87.7,Arizona,2015
2.4,6.4,0.2,4.0,57.1,7.9,2.1,0.7,0.6,23.9,7.7,16.5,9.5,10.2,9.3,14.3,21.7,15.5,3.0,135.9,0.2,65.687,,93.5,Arkansas,2015
3.6,15.7,0.8,12.0,22.2,30.5,22.0,10.7,11.9,1.7,1.1,22.2,5.1,28.0,4.6,8.2,15.4,14.5,2.0,462.0,0.0,100.223,,83.6,California,2015
4.9,15.6,0.6,10.7,47.4,31.7,10.5,3.0,2.4,3.2,1.9,23.0,5.0,21.0,4.7,9.9,17.7,17.0,1.7,291.0,0.1,90.42399999999999,,83.8,Colorado,2015
3.8,20.0,0.6,16.1,52.1,26.6,9.1,3.3,4.6,3.0,1.3,24.2,3.8,29.5,3.6,7.7,14.3,15.4,1.5,275.8,0.0,105.39,,79.5,Connecticut,2015
3.1,15.6,0.6,12.5,60.4,27.8,4.1,1.1,1.2,3.5,1.8,20.7,6.7,18.0,5.5,10.3,18.7,18.5,1.7,247.8,0.0,85.274,,83.7,Delaware,2015
4.2,17.1,0.6,12.9,16.7,24.1,24.7,17.1,15.7,0.5,1.2,19.6,4.0,45.6,3.4,5.3,9.7,11.0,1.4,575.2,0.0,136.438,,82.3,District of Columbia,2015
2.9,13.4,0.6,10.5,57.3,17.5,5.1,1.6,1.9,13.0,3.5,17.4,8.5,14.2,7.7,13.0,20.2,15.9,3.1,195.3,0.1,71.33800000000001,,86.1,Florida,2015
4.2,13.2,0.4,9.0,58.1,14.4,4.8,1.2,1.0,16.1,4.3,19.8,7.2,16.1,6.8,11.7,20.2,15.5,2.7,170.1,0.1,76.64399999999999,,86.4,Georgia,2015
3.2,20.3,0.7,17.1,12.6,26.2,31.6,15.8,12.2,0.7,0.9,26.4,3.2,27.0,3.6,6.9,14.4,16.7,1.8,575.8,0.0,105.395,,79.0,Hawaii,2015
3.5,13.7,0.8,10.1,69.5,14.9,2.8,1.2,0.5,8.5,2.6,18.9,8.9,8.5,8.6,13.5,21.6,16.2,3.8,183.6,0.0,66.398,,85.5,Idaho,2015
3.0,15.1,0.5,12.1,55.5,17.3,5.5,1.8,1.7,14.3,3.7,22.1,5.5,20.5,5.4,9.9,18.4,16.4,1.8,193.7,0.1,87.37700000000001,,84.3,Illinois,2015
3.0,13.6,0.4,10.6,58.8,8.1,1.8,0.5,0.5,25.0,5.2,19.0,7.0,11.0,7.4,13.6,22.2,18.0,1.7,137.9,0.1,72.158,,86.0,Indiana,2015
3.9,14.4,0.5,10.5,60.1,8.6,1.9,0.5,0.4,22.6,5.9,21.3,5.3,11.6,6.1,11.8,22.7,19.8,1.4,145.8,0.1,77.515,,85.1,Iowa,2015
2.8,10.8,0.5,8.0,58.7,10.7,2.4,0.7,0.6,20.3,6.7,22.7,5.5,13.8,5.7,11.7,21.4,17.9,1.3,155.4,0.1,80.273,,88.7,Kansas,2015
2.6,14.2,0.4,11.5,59.6,8.7,1.9,0.6,0.5,22.2,6.5,17.5,8.4,10.7,7.9,13.0,22.0,17.4,3.0,143.1,0.2,69.722,,85.4,Kentucky,2015
2.5,9.0,0.4,6.4,63.9,11.6,3.0,0.9,0.7,14.3,5.6,21.0,8.1,14.6,6.7,11.1,19.2,16.6,2.7,172.6,0.2,77.49,,90.6,Louisiana,2015
2.2,17.3,0.5,15.1,64.7,14.8,3.7,0.9,0.6,12.1,3.1,19.0,7.6,11.5,6.4,12.3,23.6,17.9,1.7,190.9,0.1,72.773,,82.2,Maine,2015
3.8,17.8,0.9,14.0,44.1,32.4,12.7,3.6,2.7,3.1,1.2,24.3,3.7,29.2,4.0,7.1,15.1,14.7,1.8,307.3,0.0,105.36200000000001,,81.3,Maryland,2015
2.9,19.1,0.6,16.1,35.2,37.1,15.8,5.4,4.2,1.3,1.0,24.6,4.1,29.6,3.6,6.8,14.7,15.1,1.5,355.1,0.0,106.387,,80.4,Massachusetts,2015
2.8,14.8,0.4,12.0,57.3,10.5,2.6,0.6,0.6,20.7,7.8,19.5,7.0,13.5,7.0,12.3,21.1,17.2,2.4,151.0,0.1,75.257,,84.9,Michigan,2015
4.7,17.2,0.7,12.6,64.3,18.8,4.3,1.2,1.0,7.8,2.7,23.6,4.4,18.7,4.8,9.7,19.3,18.3,1.2,209.3,0.1,88.70700000000001,,82.1,Minnesota,2015
2.2,8.7,0.2,6.5,55.6,7.4,1.2,0.4,0.3,25.4,9.7,17.2,11.0,8.6,8.7,13.2,20.6,16.4,4.3,134.8,0.1,65.185,,91.1,Mississippi,2015
2.9,11.4,0.3,8.6,60.7,10.5,2.6,0.8,0.6,19.3,5.5,20.2,6.8,13.1,7.1,12.8,20.9,17.4,1.9,155.6,0.1,75.652,,88.3,Missouri,2015
3.0,11.0,0.6,7.9,62.7,19.5,5.1,1.6,1.6,6.5,3.1,20.3,7.4,10.5,7.4,11.5,23.2,17.2,2.4,226.0,0.0,72.042,,88.5,Montana,2015
3.5,11.8,0.5,8.3,65.2,9.3,1.8,0.5,0.5,18.2,4.5,23.0,5.5,13.9,5.0,11.2,21.3,18.4,1.8,149.8,0.1,81.39399999999999,,87.7,Nebraska,2015
3.5,11.6,0.4,8.1,61.6,22.7,4.5,1.5,1.5,6.2,2.0,19.8,6.0,14.1,6.0,12.8,21.3,17.7,2.3,230.0,0.0,76.75,,88.0,Nevada,2015
2.7,17.0,0.5,14.4,60.5,27.0,5.3,1.3,0.7,3.4,1.7,26.3,3.6,23.3,3.8,8.0,16.1,17.4,1.4,252.1,0.0,99.351,,82.5,New Hampshire,2015
2.6,17.2,0.5,14.6,40.2,34.1,14.0,4.7,3.4,2.5,1.1,24.3,3.8,32.1,3.6,6.9,13.8,13.9,1.6,329.1,0.0,110.359,,82.2,New Jersey,2015
3.1,9.1,0.3,6.0,64.2,13.8,4.0,1.3,1.1,10.3,5.3,17.7,9.3,11.9,8.8,12.1,20.0,16.4,3.8,180.2,0.1,69.516,,90.6,New Mexico,2015
2.1,15.5,0.7,13.4,36.1,26.2,14.4,5.4,5.7,9.9,2.4,23.3,4.8,25.5,4.4,8.3,16.4,15.5,1.8,311.7,0.0,97.596,,83.9,New York,2015
2.6,15.5,0.5,12.9,61.0,14.3,4.1,1.2,1.2,14.8,3.4,18.7,7.4,13.8,7.9,12.8,20.6,16.4,2.5,172.9,0.1,73.118,,84.0,North Carolina,2015
2.7,10.8,0.7,8.1,63.1,20.0,2.4,0.4,0.5,9.3,4.3,26.2,4.7,19.3,3.6,9.3,18.5,17.6,0.9,207.7,0.1,93.014,,88.5,North Dakota,2015
3.4,17.1,0.5,13.7,59.0,9.4,1.9,0.6,0.4,23.4,5.3,20.9,6.5,13.5,6.6,12.1,21.1,17.5,1.8,145.7,0.1,77.045,,82.5,Ohio,2015
2.7,6.5,0.4,3.9,58.3,8.7,1.8,0.5,0.7,23.2,6.9,18.6,7.7,12.5,6.7,12.7,21.8,17.3,2.6,141.5,0.1,72.346,,93.1,Oklahoma,2015
3.6,14.7,0.6,11.1,52.2,29.9,9.1,2.5,1.5,2.8,2.1,21.2,5.7,15.8,6.4,10.6,20.7,17.6,2.0,274.9,0.0,80.882,,84.7,Oregon,2015
2.7,17.3,0.6,14.6,58.3,16.7,4.3,1.3,1.0,14.6,3.9,21.5,5.8,16.9,5.6,10.5,20.0,17.8,1.9,185.1,0.1,82.411,,82.1,Pennsylvania,2015
3.1,17.9,0.6,14.8,62.5,24.6,6.0,1.7,1.4,2.2,1.5,24.1,4.5,21.2,5.0,9.6,16.2,17.8,1.6,240.2,0.0,91.787,,81.5,Rhode Island,2015
2.6,11.5,0.4,8.9,59.3,12.3,4.0,1.5,1.0,16.7,5.3,17.9,8.3,11.1,7.6,13.2,21.6,17.2,3.1,162.9,0.2,70.285,,88.1,South Carolina,2015
2.5,10.7,0.5,8.3,63.4,13.5,2.2,0.7,0.6,13.6,5.8,20.7,4.9,11.3,6.2,11.6,22.7,21.3,1.3,169.0,0.2,77.884,,88.8,South Dakota,2015
2.7,11.0,0.4,8.2,59.0,12.6,3.3,1.0,0.9,18.8,4.4,17.8,8.2,12.1,7.6,13.7,21.9,16.1,2.6,159.7,0.1,70.221,,88.7,Tennessee,2015
2.2,5.9,0.2,3.7,58.8,14.0,4.2,1.3,1.3,16.1,4.3,22.1,5.9,20.4,5.7,9.9,18.4,15.7,1.9,169.3,0.0,87.12100000000001,,93.9,Texas,2015
4.6,13.9,0.6,9.4,64.2,23.8,5.2,1.6,0.9,2.5,1.8,22.2,4.1,14.9,4.9,10.8,22.1,19.5,1.5,237.7,0.0,82.235,,85.5,Utah,2015
1.8,17.7,0.4,15.8,62.6,21.9,4.6,1.3,1.1,5.9,2.5,22.1,7.6,13.1,5.5,10.6,21.0,18.5,1.6,230.6,0.0,80.377,,81.9,Vermont,2015
3.7,17.1,0.6,13.4,47.0,25.9,12.6,4.6,2.7,5.5,1.8,22.2,4.9,25.3,4.6,8.7,17.2,15.2,1.9,280.0,0.0,95.441,,82.3,Virginia,2015
3.6,15.1,0.5,11.4,47.4,28.8,12.4,4.3,2.7,2.6,1.7,23.2,4.1,21.5,4.7,9.1,18.1,17.5,1.8,293.3,0.0,91.86399999999999,,84.5,Washington,2015
1.7,10.3,0.2,8.7,55.9,7.6,1.6,0.4,0.2,26.1,8.2,17.5,8.8,9.2,7.7,14.7,22.0,17.4,2.7,134.8,0.4,67.771,,89.5,West Virginia,2015
3.8,17.5,0.7,13.6,66.5,13.0,2.7,0.6,0.7,13.8,2.8,22.1,5.1,12.8,5.8,10.7,22.3,19.8,1.5,173.7,0.0,80.52,,81.9,Wisconsin,2015
3.4,8.9,0.3,5.5,67.0,18.3,3.7,1.0,1.5,5.1,3.4,28.7,5.6,11.8,5.0,9.0,20.4,17.7,1.7,225.0,0.2,85.149,,90.8,Wyoming,2015
1.9,2.4,0.2,0.6,72.4,4.4,0.9,0.5,0.4,19.8,1.7,6.0,23.0,4.0,13.8,17.5,18.3,8.9,8.5,137.8,1.2,38.821999999999996,,97.4,Puerto Rico,2015
2.8,10.8,0.4,8.0,58.8,11.0,2.4,0.9,0.6,19.7,6.6,18.3,8.8,13.1,7.5,11.9,19.8,17.5,3.1,153.9,0.1,73.126,,88.7,Alabama,2016
2.7,8.0,0.5,5.3,49.7,36.0,7.7,1.5,0.6,2.4,2.0,29.2,2.8,25.9,3.1,6.6,16.3,14.5,1.6,286.6,0.0,106.84,,91.5,Alaska,2016
2.7,10.9,0.3,8.2,60.0,21.2,5.6,1.8,1.4,7.4,2.6,19.2,7.0,16.1,6.5,11.7,20.1,16.4,2.9,222.9,0.1,77.219,,88.7,Arizona,2016
2.1,6.7,0.4,4.6,57.8,8.6,1.8,0.7,0.5,23.3,7.3,17.9,8.1,11.2,8.0,14.0,22.2,16.1,2.4,139.7,0.2,69.016,,92.8,Arkansas,2016
3.1,15.2,0.7,12.0,19.4,29.4,23.1,12.0,13.7,1.4,1.1,21.8,4.7,30.6,4.2,7.8,14.8,14.1,2.0,491.1,0.0,103.266,,84.2,California,2016
3.7,14.4,0.4,10.7,41.1,35.5,13.1,3.7,2.6,2.4,1.6,22.3,4.8,22.5,5.0,9.1,17.9,16.8,1.7,322.1,0.0,91.59200000000001,,85.2,Colorado,2016
3.3,18.5,0.7,15.2,50.8,28.5,8.9,3.4,4.7,2.4,1.3,24.9,3.1,31.2,3.4,6.7,14.3,15.0,1.3,281.8,0.0,109.821,,80.8,Connecticut,2016
2.7,14.1,0.8,11.4,61.7,26.9,4.4,1.5,0.8,3.4,1.3,23.5,4.9,17.5,5.4,9.8,19.2,16.6,2.9,246.5,0.0,85.415,,85.2,Delaware,2016
3.9,15.1,0.6,11.2,13.8,24.2,25.2,18.0,17.2,0.9,0.8,20.1,3.9,47.6,2.5,4.3,9.0,9.9,2.7,602.7,0.0,143.414,,84.3,District of Columbia,2016
2.6,12.3,0.5,9.7,57.2,19.4,5.5,1.8,2.0,10.6,3.4,18.3,8.1,15.3,7.3,12.5,19.8,15.8,2.9,213.8,0.1,74.005,,87.2,Florida,2016
3.3,11.9,0.5,8.6,58.0,15.6,5.1,1.6,1.2,13.7,5.0,20.4,6.3,18.0,5.8,10.8,19.8,16.1,2.8,179.6,0.1,81.035,,87.6,Georgia,2016
2.7,19.4,1.0,16.7,12.5,24.7,30.6,18.0,12.8,0.5,0.9,24.1,3.8,29.6,3.8,6.4,14.5,16.0,1.9,592.7,0.0,106.62899999999999,,79.7,Hawaii,2016
3.8,12.4,0.4,8.7,67.4,17.8,3.7,1.1,0.9,7.1,2.0,18.7,7.0,10.8,7.2,12.6,23.4,17.3,3.0,196.8,0.1,70.991,,87.1,Idaho,2016
2.5,13.5,0.4,11.0,55.0,18.3,5.7,2.1,1.7,13.6,3.6,22.4,5.4,21.8,5.1,9.7,17.0,16.5,2.2,200.0,0.0,90.53299999999999,,86.1,Illinois,2016
2.6,13.5,0.4,10.8,60.1,8.8,2.1,0.5,0.4,23.0,5.0,19.5,6.4,12.6,6.6,12.5,22.1,18.2,2.0,142.9,0.2,75.39,,86.1,Indiana,2016
3.5,13.7,0.5,10.3,59.9,10.8,2.0,0.7,0.3,21.3,4.9,22.0,5.1,13.4,6.0,11.4,20.8,19.7,1.7,152.2,0.1,81.234,,85.8,Iowa,2016
2.4,10.0,0.2,7.7,57.5,11.2,3.1,1.0,0.5,20.1,6.6,22.1,5.2,15.2,5.9,11.1,20.9,17.7,1.9,158.7,0.1,81.296,,89.7,Kansas,2016
2.6,13.9,0.5,11.3,60.9,9.7,2.3,0.7,0.6,19.9,6.0,19.4,8.1,12.1,7.0,12.6,20.9,17.3,2.7,149.1,0.3,73.377,,85.7,Kentucky,2016
2.2,8.5,0.4,6.3,63.0,13.0,3.3,0.9,1.0,13.2,5.6,20.4,8.1,15.7,6.8,11.0,19.3,15.8,2.8,173.2,0.2,77.908,,91.1,Louisiana,2016
2.5,16.2,0.4,13.8,63.7,16.6,4.0,0.8,0.9,10.8,3.2,21.1,7.1,12.7,6.5,11.2,21.3,17.9,2.1,199.2,0.1,77.452,,83.4,Maine,2016
3.3,17.2,0.5,13.8,42.1,33.3,13.0,4.1,2.8,3.1,1.6,24.0,3.9,30.8,3.5,6.7,14.8,14.7,1.6,315.6,0.0,108.10700000000001,,82.3,Maryland,2016
3.0,19.8,0.5,16.8,31.9,37.4,17.9,5.9,4.9,1.1,0.9,24.8,3.2,33.0,3.3,6.4,13.4,14.4,1.4,373.3,0.0,113.10600000000001,,79.7,Massachusetts,2016
2.5,13.8,0.4,11.3,57.7,12.6,2.8,0.8,0.6,18.5,6.9,20.8,6.4,14.9,6.9,11.6,20.5,16.7,2.2,159.7,0.1,78.235,,85.8,Michigan,2016
4.0,16.3,0.4,12.2,62.2,20.9,5.1,1.4,1.0,6.9,2.6,24.2,4.4,20.5,4.6,9.1,18.2,17.6,1.4,221.7,0.1,91.86200000000001,,83.3,Minnesota,2016
2.5,8.1,0.2,5.6,55.8,7.7,1.6,0.5,0.6,24.9,9.0,17.4,9.5,11.0,8.3,12.3,20.3,17.2,3.9,137.3,0.1,68.744,,91.7,Mississippi,2016
2.9,11.3,0.3,8.3,61.7,11.5,3.0,0.9,0.6,17.3,5.1,20.2,5.9,14.2,6.7,12.5,20.8,17.7,2.1,161.7,0.1,77.479,,88.5,Missouri,2016
2.7,10.4,0.4,7.7,58.8,22.4,6.1,1.2,1.5,6.3,3.6,18.6,6.6,12.3,7.5,12.8,23.1,17.3,1.8,233.3,0.3,72.303,,89.3,Montana,2016
3.0,11.1,0.5,8.1,65.5,11.6,2.2,0.6,0.4,15.9,3.8,24.0,4.4,16.0,5.4,10.7,20.3,17.9,1.2,158.0,0.0,85.963,,88.4,Nebraska,2016
2.7,10.1,0.5,7.4,59.1,25.9,5.6,1.6,1.5,4.6,1.8,20.8,5.6,14.7,6.6,11.3,21.1,17.3,2.6,246.7,0.0,78.642,,89.4,Nevada,2016
2.5,16.3,0.4,13.8,58.7,28.1,5.9,1.2,1.1,2.9,2.2,24.6,3.3,25.2,3.9,6.6,17.6,17.8,1.1,259.6,0.0,99.59700000000001,,83.4,New Hampshire,2016
2.1,16.1,0.6,14.0,38.8,34.4,14.9,5.0,3.4,2.2,1.2,24.0,4.0,34.5,3.3,6.3,12.8,13.6,1.6,335.7,0.0,115.384,,83.3,New Jersey,2016
3.7,9.0,0.3,5.4,65.2,14.3,3.1,1.5,0.5,11.2,4.2,17.9,10.0,12.1,6.5,13.2,20.4,16.0,3.9,179.8,0.1,68.84899999999999,,90.7,New Mexico,2016
1.9,15.6,0.5,13.7,35.6,26.0,14.5,5.6,6.9,9.0,2.3,23.6,4.3,27.8,4.5,7.6,15.3,15.1,1.8,321.8,0.0,101.60700000000001,,83.9,New York,2016
2.7,15.1,0.5,12.4,60.1,15.8,4.2,1.5,1.0,14.1,3.2,18.7,7.4,15.2,6.9,11.9,20.3,17.0,2.4,179.1,0.1,76.171,,84.4,North Carolina,2016
2.5,10.5,1.1,8.0,62.3,17.9,3.0,1.0,0.8,10.3,4.6,28.1,3.8,16.0,4.2,9.3,18.6,19.1,1.0,207.0,0.0,90.238,,88.4,North Dakota,2016
2.7,16.0,0.5,13.2,59.9,9.7,2.2,0.6,0.5,22.2,4.9,21.2,6.3,14.5,5.9,11.7,21.1,17.4,2.0,149.4,0.1,78.868,,83.6,Ohio,2016
2.5,6.4,0.2,3.9,59.7,9.0,2.4,0.6,0.6,21.3,6.3,19.8,7.1,13.6,6.8,11.9,20.8,17.4,2.6,148.9,0.1,76.096,,93.3,Oklahoma,2016
2.9,14.1,0.4,11.2,45.3,33.4,11.8,3.3,1.8,2.6,1.9,22.8,5.6,18.3,5.4,9.9,19.8,16.7,1.6,301.2,0.0,85.79299999999999,,85.5,Oregon,2016
2.3,16.8,0.6,14.5,57.9,17.6,5.0,1.2,1.0,13.6,3.7,22.4,5.5,18.5,5.6,9.8,19.4,16.8,1.9,191.7,0.1,86.03200000000001,,82.7,Pennsylvania,2016
3.1,17.7,0.9,14.6,59.8,26.2,6.6,2.6,1.0,2.3,1.6,26.6,4.5,20.5,4.9,8.9,16.9,16.3,1.4,246.4,0.0,94.23299999999999,,81.5,Rhode Island,2016
2.3,11.3,0.3,9.0,59.4,13.3,4.6,1.3,1.2,15.3,4.9,19.0,7.4,12.9,7.3,13.0,20.9,16.8,2.7,170.5,0.1,72.908,,88.4,South Carolina,2016
2.5,10.5,0.3,8.0,63.5,13.2,3.0,0.9,0.7,12.8,5.9,21.5,5.1,11.4,5.6,11.0,21.3,23.0,1.1,171.0,0.1,81.363,,89.2,South Dakota,2016
2.7,10.5,0.4,7.8,59.6,13.1,3.9,1.3,0.8,16.7,4.6,18.6,7.5,13.0,7.9,12.5,21.6,16.4,2.4,166.7,0.2,72.255,,89.1,Tennessee,2016
2.0,5.4,0.2,3.4,57.6,16.2,4.6,1.4,1.5,14.6,4.1,22.2,5.5,21.7,5.6,9.5,17.9,15.4,2.0,183.3,0.0,90.109,,94.4,Texas,2016
4.1,14.0,0.4,9.8,59.6,27.4,6.6,1.8,1.2,1.9,1.5,23.4,3.6,16.2,4.6,9.9,22.1,18.8,1.4,253.2,0.0,85.961,,85.6,Utah,2016
1.6,17.2,0.4,15.5,63.8,21.4,4.7,1.6,0.9,5.5,2.1,22.5,6.2,14.9,6.3,10.2,20.3,17.9,1.7,228.8,0.0,81.958,,82.4,Vermont,2016
3.5,16.6,0.6,13.0,46.2,25.9,13.2,4.9,3.0,5.0,1.8,22.2,4.6,27.2,4.8,8.6,16.1,14.9,1.7,285.8,0.1,98.91799999999999,,82.8,Virginia,2016
3.3,14.6,0.5,11.3,42.2,31.1,13.7,5.6,3.5,2.3,1.5,24.1,4.2,23.5,4.4,8.2,17.3,16.3,1.8,320.1,0.0,95.645,,84.9,Washington,2016
2.2,10.8,0.4,8.6,58.4,8.7,1.2,0.6,0.4,23.8,6.9,19.0,9.1,10.0,7.5,13.3,21.0,17.3,2.8,144.5,0.4,70.639,,88.8,West Virginia,2016
3.6,16.7,0.6,13.1,66.2,14.3,2.9,0.8,0.5,12.6,2.7,23.1,5.1,14.4,5.3,10.7,21.1,18.8,1.6,179.8,0.0,82.406,,82.6,Wisconsin,2016
3.3,10.7,0.4,7.4,65.6,19.9,3.3,1.3,2.6,3.9,3.4,25.1,4.7,14.7,4.9,11.7,19.0,18.3,1.7,223.9,0.0,85.234,,88.9,Wyoming,2016
1.7,2.3,0.2,0.7,71.0,4.7,0.7,0.3,0.4,21.5,1.4,5.9,22.2,3.9,14.3,18.8,18.7,8.3,7.9,134.3,0.5,38.01,,97.5,Puerto Rico,2016
19035.0,75725.0,1302.0,56690.0,413329.0,81925.0,21023.0,5464.0,4706.0,134584.0,45154.0,145414.0,54860.0,91534.0,50583.0,83271.0,146556.0,114273.0,19694.0,158.0,1205.0,74.553,,629158.0,Alabama,2017
2222.0,8092.0,353.0,5870.0,51086.0,37285.0,7595.0,1480.0,561.0,1966.0,2324.0,27454.0,3137.0,26747.0,3884.0,7240.0,15288.0,16736.0,1811.0,286.9,19.0,103.94200000000001,,93852.0,Alaska,2017
23164.0,98283.0,3130.0,75119.0,618612.0,253759.0,70881.0,21698.0,15426.0,58155.0,25820.0,220445.0,69658.0,183743.0,67092.0,120361.0,202392.0,171564.0,29096.0,238.8,822.0,80.85300000000001,,962938.0,Arizona,2017
8099.0,25376.0,1413.0,17277.0,246125.0,36118.0,7160.0,2800.0,1706.0,92956.0,29303.0,73921.0,33571.0,52095.0,30251.0,53837.0,89343.0,70528.0,12622.0,142.8,1194.0,71.081,,389379.0,Arkansas,2017
140742.0,684653.0,27618.0,543911.0,834760.0,1430771.0,1234904.0,658249.0,763074.0,55518.0,48868.0,1134975.0,224843.0,1634528.0,198282.0,363068.0,691382.0,681502.0,97564.0,529.0,1023.0,108.609,,4313873.0,California,2017
27999.0,136833.0,4241.0,108834.0,327140.0,399935.0,156075.0,45543.0,31018.0,20445.0,14253.0,242688.0,40647.0,240471.0,40402.0,86161.0,162877.0,159994.0,21169.0,357.7,158.0,97.20700000000001,,853335.0,Colorado,2017
18569.0,109972.0,4291.0,91403.0,316912.0,165248.0,55349.0,21382.0,28861.0,16388.0,7102.0,148537.0,19243.0,192794.0,22118.0,43134.0,88146.0,88840.0,8430.0,277.9,0.0,109.56,,496979.0,Connecticut,2017
4619.0,23980.0,683.0,19361.0,96626.0,46527.0,9708.0,2696.0,1812.0,3448.0,3254.0,34101.0,7594.0,36184.0,8816.0,14719.0,30461.0,26078.0,6118.0,258.9,7.0,87.389,,139408.0,Delaware,2017
2097.0,14860.0,537.0,12763.0,10058.0,23000.0,23233.0,16598.0,15518.0,505.0,1358.0,18117.0,4337.0,42195.0,1919.0,2923.0,9562.0,9283.0,1934.0,609.9,0.0,138.977,,74873.0,District of Columbia,2017
67785.0,316132.0,10636.0,248347.0,1605911.0,637495.0,176490.0,53938.0,59937.0,230743.0,85497.0,542710.0,214525.0,473160.0,194641.0,343625.0,551073.0,447591.0,82686.0,232.1,1858.0,76.655,,2523243.0,Florida,2017
45894.0,169535.0,5329.0,123641.0,899267.0,261768.0,86970.0,24851.0,19772.0,177595.0,59335.0,319362.0,99530.0,298498.0,89928.0,155557.0,284625.0,243037.0,39021.0,191.1,710.0,84.28399999999999,,1354694.0,Georgia,2017
4291.0,31629.0,1532.0,27338.0,18227.0,37900.0,55281.0,32032.0,27159.0,748.0,867.0,44537.0,5457.0,53701.0,5180.0,11534.0,22778.0,25243.0,3784.0,628.3,6.0,112.506,,139053.0,Hawaii,2017
10403.0,32866.0,684.0,22463.0,181921.0,59278.0,10403.0,3083.0,2268.0,17401.0,5943.0,52944.0,17983.0,29488.0,20164.0,38478.0,66691.0,48567.0,5982.0,214.2,291.0,70.758,,246747.0,Idaho,2017
48123.0,256830.0,8440.0,208707.0,1088733.0,396784.0,119236.0,40911.0,33698.0,257803.0,70274.0,450051.0,95075.0,463329.0,94222.0,186557.0,352198.0,326784.0,39223.0,208.8,916.0,92.291,,1742169.0,Illinois,2017
27640.0,142016.0,4978.0,114376.0,695356.0,117779.0,25648.0,6028.0,6438.0,251649.0,53907.0,237940.0,77260.0,155734.0,75115.0,136144.0,244184.0,207800.0,22628.0,148.0,935.0,77.197,,1009811.0,Indiana,2017
18342.0,74009.0,3264.0,55667.0,331603.0,69138.0,12656.0,3119.0,2067.0,108643.0,26956.0,128948.0,27868.0,79084.0,28891.0,61018.0,115429.0,104827.0,8117.0,157.9,267.0,82.626,,476909.0,Iowa,2017
8637.0,44446.0,1497.0,35809.0,251340.0,58500.0,13406.0,3268.0,2534.0,84493.0,25079.0,105423.0,19443.0,72022.0,23257.0,45624.0,89903.0,76745.0,6203.0,165.3,243.0,85.462,,392677.0,Kansas,2017
15489.0,86783.0,2821.0,71294.0,414812.0,71167.0,16490.0,5753.0,4008.0,116039.0,39667.0,137924.0,49801.0,88249.0,46117.0,77137.0,135224.0,115417.0,18067.0,155.6,1252.0,76.392,,578332.0,Kentucky,2017
12609.0,48683.0,1955.0,36074.0,379871.0,79048.0,21302.0,5401.0,5286.0,75408.0,30229.0,126337.0,46909.0,93514.0,43115.0,63247.0,108862.0,95783.0,18778.0,179.7,680.0,79.133,,545907.0,Louisiana,2017
3743.0,37410.0,1005.0,33667.0,155384.0,41897.0,9619.0,2484.0,1913.0,23437.0,8567.0,53298.0,15713.0,32154.0,16991.0,25296.0,50172.0,45735.0,3942.0,201.2,565.0,80.029,,204886.0,Maine,2017
30486.0,163383.0,5582.0,132897.0,430420.0,370387.0,143368.0,44757.0,31605.0,33657.0,18839.0,267473.0,40420.0,347631.0,35815.0,69163.0,147045.0,148281.0,17205.0,323.4,41.0,111.824,,904068.0,Maryland,2017
23409.0,203521.0,4344.0,180112.0,334478.0,416900.0,222042.0,76041.0,65788.0,10074.0,10234.0,275233.0,39969.0,402219.0,36272.0,68697.0,142394.0,157405.0,13368.0,391.5,102.0,117.542,,927692.0,Massachusetts,2017
38104.0,213938.0,5066.0,175834.0,993705.0,234282.0,51987.0,14424.0,11066.0,279498.0,103646.0,358918.0,101127.0,273448.0,106759.0,193727.0,331261.0,289719.0,33649.0,168.1,1592.0,80.952,,1469604.0,Michigan,2017
40699.0,156573.0,5171.0,115874.0,628497.0,236021.0,58516.0,14280.0,11872.0,65268.0,24439.0,259728.0,38070.0,231174.0,44757.0,88227.0,187138.0,176508.0,13291.0,232.7,203.0,95.37200000000001,,877149.0,Minnesota,2017
6738.0,29322.0,1521.0,22584.0,208342.0,32374.0,6099.0,1917.0,1204.0,86009.0,31424.0,65359.0,34315.0,39178.0,26651.0,46776.0,77208.0,64544.0,13338.0,143.4,984.0,70.491,,336526.0,Mississippi,2017
20828.0,100912.0,2749.0,80084.0,601467.0,130085.0,27677.0,9129.0,7591.0,165937.0,46983.0,209363.0,61568.0,148412.0,59173.0,114585.0,202556.0,174122.0,19090.0,165.6,1257.0,79.793,,885208.0,Missouri,2017
4438.0,17970.0,780.0,13532.0,95524.0,41558.0,9994.0,3365.0,2497.0,9297.0,4903.0,37358.0,9908.0,21973.0,10838.0,16822.0,35770.0,30328.0,4141.0,248.1,45.0,78.46,,148388.0,Montana,2017
7113.0,31491.0,1256.0,24378.0,197716.0,38331.0,7254.0,2058.0,1960.0,46385.0,11124.0,73850.0,14293.0,49385.0,13982.0,29995.0,62095.0,56707.0,4521.0,165.8,119.0,86.212,,272081.0,Nebraska,2017
8037.0,34310.0,1002.0,26273.0,240511.0,122406.0,29769.0,6461.0,7788.0,13853.0,6598.0,92457.0,24926.0,71617.0,24897.0,47404.0,87965.0,70696.0,7424.0,266.0,136.0,81.726,,392074.0,Nevada,2017
5824.0,35054.0,872.0,29230.0,137183.0,72716.0,15270.0,3922.0,2234.0,7460.0,3885.0,65412.0,8057.0,64960.0,8847.0,16906.0,38831.0,36815.0,2842.0,270.2,0.0,105.01,,206744.0,New Hampshire,2017
29268.0,217161.0,6792.0,187893.0,520612.0,473086.0,215715.0,70594.0,48520.0,30151.0,16722.0,331370.0,46525.0,497982.0,45988.0,78058.0,169818.0,185096.0,20563.0,341.3,116.0,119.221,,1151447.0,New Jersey,2017
10180.0,23671.0,785.0,13491.0,182146.0,43100.0,11010.0,4084.0,2958.0,25343.0,11005.0,52730.0,23429.0,36335.0,20839.0,35448.0,55504.0,44006.0,11355.0,189.3,152.0,71.319,,255190.0,New Mexico,2017
36801.0,339747.0,9843.0,302946.0,833208.0,596475.0,366757.0,155703.0,178326.0,209979.0,53976.0,544158.0,104588.0,713793.0,94135.0,180919.0,361200.0,353245.0,42386.0,331.5,1138.0,103.477,,2044834.0,New York,2017
32376.0,232337.0,7713.0,199961.0,970894.0,278898.0,84255.0,25085.0,18873.0,204520.0,49275.0,325906.0,106691.0,279275.0,104572.0,184615.0,326572.0,267593.0,36576.0,190.3,947.0,79.783,,1391750.0,North Carolina,2017
2799.0,11777.0,732.0,8978.0,64549.0,23823.0,4685.0,751.0,689.0,9940.0,4873.0,29059.0,4057.0,20473.0,4290.0,8189.0,20889.0,21243.0,1110.0,221.7,18.0,92.387,,96801.0,North Dakota,2017
50303.0,295528.0,6345.0,245225.0,1163097.0,210657.0,45724.0,13193.0,9685.0,397797.0,87183.0,422719.0,112453.0,300920.0,117631.0,211928.0,387230.0,341785.0,32670.0,153.5,1467.0,81.672,,1625463.0,Ohio,2017
11157.0,33779.0,648.0,22622.0,318348.0,52107.0,11435.0,3768.0,3050.0,105781.0,32506.0,105092.0,38010.0,71017.0,36092.0,61672.0,110657.0,93460.0,10995.0,152.2,372.0,76.33800000000001,,492568.0,Oklahoma,2017
15233.0,85531.0,2617.0,70298.0,262745.0,252858.0,95489.0,22447.0,15811.0,12674.0,10467.0,148411.0,35880.0,133810.0,31751.0,68391.0,123576.0,116338.0,14334.0,332.4,252.0,87.87899999999999,,584343.0,Oregon,2017
42922.0,334509.0,9180.0,291587.0,1202092.0,380714.0,108056.0,27426.0,20376.0,253040.0,71860.0,467110.0,102821.0,415396.0,103858.0,186798.0,389635.0,359660.0,38286.0,198.8,1408.0,89.17,,1719875.0,Pennsylvania,2017
5428.0,28922.0,1140.0,23494.0,100592.0,49202.0,11860.0,2981.0,2776.0,2674.0,2290.0,43276.0,9170.0,38003.0,7358.0,12620.0,30412.0,29268.0,2268.0,259.5,0.0,95.844,,142313.0,Rhode Island,2017
14932.0,80306.0,3034.0,65374.0,442247.0,116492.0,33498.0,12370.0,10973.0,102983.0,35970.0,149495.0,55951.0,110656.0,49313.0,89267.0,152016.0,126787.0,21048.0,181.4,720.0,76.61,,671193.0,South Carolina,2017
2461.0,12109.0,163.0,9648.0,83494.0,17713.0,3582.0,1081.0,754.0,16476.0,5949.0,29674.0,5427.0,16502.0,7487.0,13740.0,28255.0,25838.0,2126.0,185.0,79.0,82.01700000000001,,116777.0,South Dakota,2017
22173.0,98665.0,3865.0,76492.0,587481.0,150512.0,43421.0,14397.0,11711.0,149259.0,40304.0,192503.0,74482.0,146744.0,68935.0,116425.0,210671.0,163932.0,23393.0,178.4,1218.0,75.616,,894555.0,Tennessee,2017
59863.0,173714.0,6398.0,113851.0,1984947.0,636572.0,173820.0,51964.0,50645.0,416233.0,125099.0,792025.0,177864.0,789238.0,170042.0,305691.0,593456.0,542758.0,68206.0,198.5,1042.0,92.899,,3259168.0,Texas,2017
19958.0,69929.0,2152.0,49971.0,258233.0,153320.0,40138.0,10535.0,7020.0,7964.0,7120.0,121602.0,18627.0,84526.0,20855.0,43228.0,98513.0,90913.0,6066.0,279.1,277.0,89.34200000000001,,412249.0,Utah,2017
2315.0,19867.0,574.0,17552.0,67184.0,27320.0,5938.0,910.0,617.0,6417.0,1910.0,25369.0,7227.0,15981.0,7219.0,10521.0,21758.0,20446.0,1775.0,233.2,0.0,81.74600000000001,,89855.0,Vermont,2017
41249.0,219699.0,6980.0,178450.0,635952.0,391009.0,201464.0,72921.0,41238.0,65228.0,23601.0,321495.0,59586.0,406470.0,59043.0,110849.0,230738.0,219202.0,24030.0,297.0,653.0,101.119,,1204734.0,Virginia,2017
31500.0,158660.0,5721.0,127160.0,447400.0,400744.0,191442.0,81460.0,64294.0,24276.0,17877.0,301437.0,47480.0,318610.0,47815.0,95848.0,198254.0,198004.0,20045.0,352.1,482.0,100.56200000000001,,1063112.0,Washington,2017
4507.0,22960.0,509.0,18453.0,139070.0,23458.0,4851.0,1261.0,711.0,53273.0,15731.0,42736.0,21375.0,28157.0,19252.0,29624.0,51987.0,39064.0,6160.0,147.9,481.0,70.452,,214886.0,West Virginia,2017
29740.0,158915.0,5009.0,129175.0,652508.0,156854.0,33277.0,9606.0,6624.0,120486.0,24460.0,238675.0,51008.0,161986.0,52402.0,102309.0,195481.0,186340.0,15614.0,186.1,409.0,85.681,,839891.0,Wisconsin,2017
3591.0,9446.0,148.0,5855.0,59550.0,18748.0,4541.0,1776.0,1319.0,3752.0,3171.0,24393.0,4707.0,11938.0,4488.0,8907.0,18461.0,18176.0,1787.0,226.8,28.0,85.603,,83263.0,Wyoming,2017
6123.0,7738.0,1125.0,1615.0,215060.0,12159.0,2833.0,600.0,1244.0,74970.0,5314.0,18207.0,71254.0,9131.0,41474.0,55453.0,61986.0,26842.0,27833.0,130.2,2333.0,38.982,,303317.0,Puerto Rico,2017
2184.0,7236.0,621.0,5052.0,50283.0,37611.0,8472.0,1817.0,737.0,2485.0,1301.0,28377.0,4496.0,27329.0,3062.0,5758.0,16524.0,15589.0,1571.0,292.6,52.0,105.294,,94849.0,Alaska,2018
3029.0,37955.0,720.0,34926.0,154319.0,46623.0,10248.0,2816.0,2488.0,22503.0,8347.0,54975.0,14179.0,36498.0,13658.0,27893.0,49704.0,45453.0,4984.0,208.3,10.0,81.392,,208669.0,Maine,2018
30790.0,216186.0,5555.0,185396.0,943652.0,308264.0,86931.0,28949.0,19457.0,189660.0,46822.0,334621.0,105588.0,291402.0,97324.0,184908.0,308772.0,267775.0,33345.0,199.6,708.0,81.50399999999999,,1401994.0,North Carolina,2018
18274.0,99005.0,1855.0,80731.0,598632.0,135389.0,34108.0,10285.0,7507.0,152276.0,48211.0,212500.0,54355.0,166676.0,61423.0,111764.0,192411.0,168477.0,18802.0,170.8,2162.0,81.877,,885548.0,Missouri,2018
40532.0,320481.0,9269.0,279949.0,1196823.0,397957.0,114215.0,29943.0,21342.0,246255.0,69616.0,478432.0,109579.0,440000.0,100799.0,193505.0,371686.0,342305.0,39845.0,202.0,1042.0,90.755,,1746401.0,Pennsylvania,2018
33718.0,198116.0,5308.0,164398.0,990180.0,257330.0,59518.0,16720.0,12517.0,246365.0,89269.0,363484.0,95718.0,292380.0,98054.0,181641.0,326620.0,282044.0,31958.0,175.4,1756.0,83.258,,1468475.0,Michigan,2018
8354.0,31109.0,1486.0,22755.0,195718.0,42879.0,7558.0,1978.0,1744.0,38636.0,11904.0,78592.0,12932.0,52701.0,13815.0,26203.0,57362.0,54519.0,4293.0,172.5,102.0,90.685,,267822.0,Nebraska,2018
14181.0,85717.0,3112.0,71536.0,223689.0,272002.0,111089.0,27517.0,13624.0,10186.0,9873.0,149735.0,33678.0,151433.0,33717.0,62326.0,117986.0,110124.0,8981.0,355.8,216.0,91.51700000000001,,579151.0,Oregon,2018
3218.0,8316.0,381.0,5098.0,59858.0,20641.0,4549.0,2329.0,1417.0,3516.0,2451.0,24239.0,4475.0,14623.0,4757.0,9579.0,17399.0,18343.0,1346.0,240.1,65.0,88.588,,86064.0,Wyoming,2018
129964.0,642797.0,27484.0,512833.0,705843.0,1349694.0,1280746.0,673367.0,879015.0,49439.0,50607.0,1103737.0,205443.0,1742131.0,184932.0,331404.0,662661.0,660584.0,97819.0,566.1,928.0,113.027,,4318430.0,California,2018
7452.0,27707.0,1365.0,20255.0,218413.0,30816.0,5921.0,1442.0,1625.0,77430.0,29557.0,65229.0,30075.0,45797.0,26420.0,42396.0,77865.0,64349.0,13073.0,151.2,455.0,72.006,,336132.0,Mississippi,2018
22260.0,101080.0,3048.0,78820.0,309502.0,173808.0,52081.0,21472.0,27229.0,16615.0,8749.0,147504.0,20988.0,207644.0,18175.0,38249.0,86094.0,82289.0,8513.0,281.3,21.0,114.13,,505328.0,Connecticut,2018
56519.0,167816.0,5528.0,111297.0,1929131.0,694867.0,206755.0,62007.0,54835.0,346212.0,114559.0,777430.0,171921.0,851188.0,168145.0,289082.0,568350.0,517676.0,64574.0,216.7,1509.0,95.822,,3235022.0,Texas,2018
8316.0,32009.0,516.0,23693.0,170444.0,77776.0,14129.0,4255.0,3226.0,14350.0,6321.0,58984.0,19843.0,38723.0,16919.0,35651.0,65905.0,48930.0,5546.0,243.8,520.0,75.554,,257976.0,Idaho,2018
29849.0,160428.0,5266.0,130579.0,416612.0,384667.0,152620.0,41493.0,32278.0,26731.0,19233.0,258193.0,35644.0,370102.0,33704.0,70536.0,139157.0,151785.0,14513.0,331.6,267.0,115.28299999999999,,907940.0,Maryland,2018
8938.0,25694.0,306.0,16756.0,183221.0,43343.0,11576.0,3860.0,2884.0,23570.0,11371.0,53560.0,24747.0,36826.0,21549.0,34438.0,54558.0,44503.0,9644.0,193.3,129.0,72.54899999999999,,253825.0,New Mexico,2018
17116.0,71506.0,2023.0,54390.0,408685.0,89306.0,19204.0,7337.0,3341.0,126732.0,39762.0,142484.0,53357.0,103708.0,47032.0,74279.0,134010.0,118808.0,20689.0,164.2,828.0,78.432,,620838.0,Alabama,2018
14989.0,95089.0,2529.0,80100.0,591891.0,173395.0,48950.0,15943.0,12480.0,132105.0,36136.0,208503.0,68651.0,155221.0,67070.0,112997.0,203745.0,171743.0,22970.0,192.6,803.0,78.71300000000001,,913282.0,Tennessee,2018
1660.0,17101.0,644.0,15441.0,73229.0,27397.0,5611.0,1701.0,1471.0,5107.0,2239.0,29279.0,6322.0,17898.0,6081.0,11677.0,21897.0,21238.0,2363.0,239.0,22.0,87.47200000000001,,99010.0,Vermont,2018
9617.0,34764.0,1705.0,25147.0,200946.0,163053.0,39411.0,8629.0,7692.0,7352.0,7987.0,96598.0,25261.0,82086.0,23807.0,45350.0,78201.0,74269.0,9498.0,301.1,95.0,86.294,,398601.0,Nevada,2018
3043.0,22948.0,1043.0,19905.0,141197.0,24559.0,4259.0,953.0,672.0,57029.0,16284.0,49276.0,21314.0,27726.0,20385.0,32828.0,50951.0,35818.0,6655.0,147.1,479.0,70.059,,220962.0,West Virginia,2018
10689.0,32267.0,1080.0,21578.0,315832.0,55931.0,13152.0,4717.0,4652.0,100241.0,27544.0,110802.0,33054.0,79757.0,31704.0,58164.0,104311.0,93187.0,11090.0,156.0,514.0,80.38600000000001,,488722.0,Oklahoma,2018
28614.0,157210.0,5196.0,128596.0,643031.0,175721.0,35291.0,10230.0,7102.0,107410.0,24316.0,249068.0,49123.0,167501.0,50101.0,96718.0,193295.0,183536.0,13759.0,195.9,219.0,87.899,,840695.0,Wisconsin,2018
5508.0,7176.0,1031.0,1668.0,209802.0,11133.0,3318.0,763.0,1173.0,70384.0,5711.0,18876.0,66621.0,12140.0,40745.0,58413.0,56518.0,24139.0,24832.0,130.6,2287.0,39.275,,294077.0,Puerto Rico,2018
9025.0,41534.0,1005.0,32509.0,255657.0,65892.0,14295.0,5145.0,3020.0,76546.0,22002.0,99785.0,20469.0,80939.0,23105.0,43937.0,88233.0,79872.0,6217.0,173.8,78.0,86.395,,400018.0,Kansas,2018
41974.0,205822.0,4698.0,163848.0,613090.0,398126.0,200845.0,75377.0,41951.0,65187.0,24945.0,319239.0,63508.0,428773.0,52436.0,107510.0,212825.0,211447.0,23783.0,302.7,703.0,104.322,,1209001.0,Virginia,2018
1815.0,10446.0,401.0,8631.0,65160.0,21611.0,5111.0,1850.0,452.0,8007.0,4226.0,31106.0,2464.0,20451.0,3613.0,7989.0,19480.0,20099.0,1215.0,226.0,24.0,97.677,,95570.0,North Dakota,2018
24312.0,192181.0,6222.0,167869.0,491808.0,482681.0,227541.0,77787.0,53712.0,24607.0,19509.0,325299.0,44930.0,519980.0,43258.0,77830.0,169025.0,177942.0,19381.0,352.7,0.0,121.64200000000001,,1179242.0,New Jersey,2018
43326.0,280049.0,7872.0,236723.0,1176833.0,236677.0,51676.0,12430.0,8523.0,360433.0,78304.0,434287.0,107602.0,322776.0,110962.0,206283.0,371517.0,336065.0,35384.0,160.8,1375.0,83.62899999999999,,1636955.0,Ohio,2018
11743.0,78529.0,2467.0,66786.0,455433.0,129503.0,41955.0,11002.0,10637.0,94765.0,37309.0,151315.0,56030.0,124678.0,55345.0,86275.0,157607.0,128904.0,20450.0,194.1,418.0,77.141,,699608.0,South Carolina,2018
37430.0,152359.0,4938.0,114929.0,898937.0,306655.0,97191.0,27667.0,21728.0,163318.0,52616.0,338840.0,89731.0,339320.0,87352.0,149405.0,276299.0,245262.0,41903.0,208.8,896.0,88.772,,1410815.0,Georgia,2018
25263.0,128957.0,2604.0,103694.0,272153.0,413877.0,184283.0,56966.0,35260.0,17630.0,14187.0,239397.0,37319.0,267054.0,42818.0,77456.0,155216.0,157165.0,17931.0,383.4,245.0,101.056,,862795.0,Colorado,2018
3383.0,33084.0,1304.0,29701.0,13205.0,38659.0,53766.0,34790.0,27662.0,1559.0,1231.0,44608.0,4148.0,55534.0,5680.0,12052.0,22435.0,22830.0,3585.0,643.1,18.0,113.39,,136484.0,Hawaii,2018
2221.0,12380.0,505.0,10159.0,81910.0,21037.0,4135.0,1021.0,749.0,14192.0,6279.0,29911.0,4462.0,16035.0,7482.0,14481.0,25568.0,30367.0,1017.0,188.8,169.0,83.662,,116438.0,South Dakota,2018
20300.0,135897.0,4155.0,115597.0,710148.0,127502.0,28818.0,8034.0,5089.0,234396.0,52303.0,248477.0,75032.0,156902.0,75098.0,133027.0,242161.0,213587.0,22006.0,153.8,1182.0,78.796,,1026238.0,Indiana,2018
16996.0,90322.0,2748.0,73326.0,406313.0,81113.0,19345.0,5451.0,3902.0,112746.0,32650.0,139515.0,46048.0,92634.0,47644.0,76589.0,130771.0,110699.0,17620.0,162.8,1805.0,77.34,,568450.0,Kentucky,2018
13620.0,47413.0,1639.0,33793.0,376052.0,90015.0,19935.0,5601.0,5217.0,70644.0,26269.0,130202.0,45791.0,101507.0,39014.0,58396.0,105943.0,96938.0,15942.0,184.9,755.0,81.863,,544681.0,Louisiana,2018
26963.0,150758.0,4160.0,123795.0,367879.0,433752.0,212109.0,105414.0,81526.0,17276.0,15800.0,299783.0,44341.0,355379.0,44737.0,92770.0,187307.0,191182.0,18257.0,385.0,397.0,104.432,,1078838.0,Washington,2018
40515.0,241192.0,7688.0,200677.0,1081655.0,409749.0,131301.0,41771.0,40460.0,233333.0,64155.0,461509.0,94058.0,503965.0,95658.0,168952.0,335047.0,308080.0,35155.0,219.4,600.0,96.714,,1753544.0,Illinois,2018
17184.0,70190.0,3139.0,53006.0,328142.0,71618.0,12222.0,2396.0,1733.0,102701.0,24296.0,127569.0,29059.0,81540.0,30585.0,55628.0,107330.0,103098.0,8299.0,160.7,286.0,83.99799999999999,,469779.0,Iowa,2018
4171.0,33029.0,731.0,28858.0,126744.0,80736.0,16962.0,4012.0,3044.0,6493.0,4085.0,66400.0,8036.0,64350.0,10524.0,16028.0,34817.0,38661.0,3260.0,278.6,56.0,105.339,,208316.0,New Hampshire,2018
4386.0,26371.0,791.0,21985.0,94557.0,52966.0,11111.0,3930.0,3237.0,2961.0,2674.0,43220.0,7282.0,41075.0,8060.0,13202.0,28907.0,27619.0,2071.0,274.2,0.0,98.266,,144274.0,Rhode Island,2018
8104.0,27382.0,489.0,19278.0,238302.0,42065.0,7997.0,3907.0,3060.0,88898.0,25906.0,81585.0,33638.0,56692.0,30367.0,51783.0,81975.0,62311.0,11784.0,148.3,1139.0,73.52199999999999,,382264.0,Arkansas,2018
3645.0,20473.0,543.0,16828.0,90290.0,53229.0,8937.0,3016.0,2499.0,4764.0,2690.0,37210.0,10195.0,33590.0,8002.0,14651.0,32016.0,25841.0,3920.0,267.0,89.0,87.16799999999999,,144409.0,Delaware,2018
34127.0,149130.0,4730.0,115003.0,597100.0,256265.0,66479.0,17073.0,11128.0,54159.0,22770.0,264182.0,36475.0,241240.0,40723.0,87675.0,166252.0,175149.0,13278.0,244.8,383.0,98.831,,871114.0,Minnesota,2018
3396.0,15917.0,935.0,12521.0,86860.0,44075.0,14127.0,3709.0,3034.0,7376.0,5016.0,33197.0,10860.0,23653.0,9456.0,19087.0,35936.0,29008.0,3000.0,262.4,76.0,77.282,,147345.0,Montana,2018
18716.0,100670.0,4349.0,81954.0,598719.0,280745.0,79458.0,23128.0,19646.0,43691.0,27115.0,227398.0,63580.0,207267.0,59040.0,111112.0,204448.0,175012.0,24645.0,256.6,919.0,84.62799999999999,,967483.0,Arizona,2018
58290.0,303356.0,11514.0,245066.0,1591788.0,710945.0,197240.0,65247.0,66085.0,185507.0,74152.0,572584.0,209722.0,531246.0,184353.0,324338.0,536246.0,450785.0,81690.0,247.0,1990.0,80.372,,2576094.0,Florida,2018
25030.0,199591.0,5179.0,174561.0,294869.0,400054.0,237561.0,82421.0,70962.0,8759.0,10873.0,261353.0,34772.0,412839.0,34321.0,60659.0,143466.0,143753.0,14336.0,406.9,92.0,121.565,,900729.0,Massachusetts,2018
3043.0,14236.0,188.0,11193.0,8147.0,24676.0,22666.0,16753.0,17685.0,552.0,700.0,18518.0,2580.0,46180.0,1761.0,2662.0,8230.0,9267.0,1981.0,627.0,0.0,151.14700000000002,,76755.0,District of Columbia,2018
18174.0,72368.0,3070.0,54194.0,218789.0,184533.0,50940.0,13839.0,8499.0,5888.0,9409.0,129122.0,18318.0,94988.0,21123.0,39651.0,93726.0,89817.0,5152.0,310.0,222.0,93.06,,416459.0,Utah,2018
36035.0,325392.0,9880.0,289357.0,818165.0,563394.0,376377.0,177251.0,189594.0,188708.0,52902.0,551156.0,99223.0,747563.0,91966.0,161036.0,338765.0,336915.0,39767.0,341.9,1205.0,108.546,,2031119.0,New York,2018
